Workbook
Name campania: Graphs!$D$6
Name departamento: Graphs!$E$22
Name Eje_deptos: _xlfn.ANCHORARRAY(Validation_Functions!$A$3)
Name Eje_Provincias: Validation_Functions!$G$4:$G$21
Name Ha_cosechada: _xlfn.ANCHORARRAY(Validation_Functions!$C$3)
Name Ha_semb: _xlfn.ANCHORARRAY(Validation_Functions!$B$3)
Name prov_hist: Historical!$G$27
Name provincia: Graphs!$M$6
Name Rendimiento_kgxha: _xlfn.ANCHORARRAY(Validation_Functions!$E$3)
Name SegmentaciónDeDatos_anio: #N/A
Name SegmentaciónDeDatos_campania: #N/A
Name SegmentaciónDeDatos_departamento_nombre: #N/A
Name SegmentaciónDeDatos_provincia_nombre: #N/A
Name SegmentaciónDeDatos_provincia_nombre1: #N/A
Name Tn_producidas: _xlfn.ANCHORARRAY(Validation_Functions!$D$3)

Sheet mani-serie-1927-2024
A1: id | B1: cultivo_nombre | C1: anio | D1: campania | E1: provincia_nombre | F1: provincia_id | G1: departamento_nombre | H1: departamento_id | I1: superficie_sembrada_ha | J1: superficie_cosechada_ha | K1: produccion_tm | L1: rendimiento_kgxha
A2: 1 | B2: maní | C2: 1927 | D2: 1927/1928 | E2: Chaco | F2: 22 | G2: Campo del Cielo | H2: 22105 | I2: 4213 | J2: 4213 | K2: 3160 | L2: 750
A3: 2 | B3: maní | C3: 1927 | D3: 1927/1928 | E3: Chaco | F3: 22 | G3: Napalpí | H3: 22049 | I3: 465 | J3: 465 | K3: 348 | L3: 750
A4: 3 | B4: maní | C4: 1927 | D4: 1927/1928 | E4: Chaco | F4: 22 | G4: Resistencia | H4: 22140 | I4: 192 | J4: 192 | K4: 144 | L4: 750
A5: 4 | B5: maní | C5: 1927 | D5: 1927/1928 | E5: Chaco | F5: 22 | G5: Coronel Martínez de Hoz | H5: 22084 | I5: 71 | J5: 71 | K5: 53 | L5: 750
A6: 5 | B6: maní | C6: 1927 | D6: 1927/1928 | E6: Chaco | F6: 22 | G6: Bermejo | H6: 22014 | I6: 36 | J6: 36 | K6: 27 | L6: 750
A7: 6 | B7: maní | C7: 1927 | D7: 1927/1928 | E7: Chaco | F7: 22 | G7: Tobas | H7: 22091 | I7: 33 | J7: 33 | K7: 25 | L7: 750
A8: 7 | B8: maní | C8: 1927 | D8: 1927/1928 | E8: Chaco | F8: 22 | G8: Tapenagá | H8: 22161 | I8: 24 | J8: 24 | K8: 18 | L8: 750
A9: 8 | B9: maní | C9: 1927 | D9: 1927/1928 | E9: Córdoba | F9: 14 | G9: Santa María | H9: 14147 | I9: 9800 | J9: 9800 | K9: 13720 | L9: 1400
A10: 9 | B10: maní | C10: 1927 | D10: 1927/1928 | E10: Córdoba | F10: 14 | G10: Río Segundo | H10: 14119 | I10: 9200 | J10: 9200 | K10: 13800 | L10: 1500
A11: 10 | B11: maní | C11: 1927 | D11: 1927/1928 | E11: Córdoba | F11: 14 | G11: Río Primero | H11: 14105 | I11: 1700 | J11: 1700 | K11: 1870 | L11: 1100
A12: 11 | B12: maní | C12: 1927 | D12: 1927/1928 | E12: Córdoba | F12: 14 | G12: Tercero Arriba | H12: 14161 | I12: 1100 | J12: 1100 | K12: 1650 | L12: 1500
A13: 12 | B13: maní | C13: 1927 | D13: 1927/1928 | E13: Córdoba | F13: 14 | G13: Colón | H13: 14021 | I13: 1000 | J13: 1000 | K13: 1300 | L13: 1300
... A15: 14 | B15: maní | C15: 1927 | D15: 1927/1928 | E15: Córdoba | F15: 14 | G15: Río Cuarto | H15: 14098 | I15: 12 | J15: 12 | K15: 12 | L15: 1000
A16: 15 | B16: maní | C16: 1927 | D16: 1927/1928 | E16: Corrientes | F16: 18 | G16: otros departamentos | I16: 500 | J16: 500 | K16: 350 | L16: 700
A17: 16 | B17: maní | C17: 1927 | D17: 1927/1928 | E17: Corrientes | F17: 18 | G17: Monte Caseros | H17: 18112 | I17: 410 | J17: 410 | K17: 328 | L17: 800
A18: 17 | B18: maní | C18: 1927 | D18: 1927/1928 | E18: Corrientes | F18: 18 | G18: Lavalle | H18: 18091 | I18: 350 | J18: 350 | K18: 245 | L18: 700
A19: 18 | B19: maní | C19: 1927 | D19: 1927/1928 | E19: Corrientes | F19: 18 | G19: Empedrado | H19: 18042 | I19: 300 | J19: 300 | K19: 360 | L19: 1200
A20: 19 | B20: maní | C20: 1927 | D20: 1927/1928 | E20: Corrientes | F20: 18 | G20: Esquina | H20: 18049 | I20: 300 | J20: 300 | K20: 300 | L20: 1000
A21: 20 | B21: maní | C21: 1927 | D21: 1927/1928 | E21: Corrientes | F21: 18 | G21: San Cosme | H21: 18133 | I21: 260 | J21: 260 | K21: 260 | L21: 1000
A22: 21 | B22: maní | C22: 1927 | D22: 1927/1928 | E22: Corrientes | F22: 18 | G22: San Martín | H22: 18147 | I22: 200 | J22: 200 | K22: 180 | L22: 900
A23: 22 | B23: maní | C23: 1927 | D23: 1927/1928 | E23: Corrientes | F23: 18 | G23: Bella Vista | H23: 18007 | I23: 170 | J23: 170 | K23: 119 | L23: 700
A24: 23 | B24: maní | C24: 1927 | D24: 1927/1928 | E24: Corrientes | F24: 18 | G24: Ituzaingó | H24: 18084 | I24: 150 | J24: 150 | K24: 75 | L24: 500
A25: 24 | B25: maní | C25: 1927 | D25: 1927/1928 | E25: Corrientes | F25: 18 | G25: Saladas | H25: 18126 | I25: 150 | J25: 150 | K25: 90 | L25: 600
A26: 25 | B26: maní | C26: 1927 | D26: 1927/1928 | E26: Corrientes | F26: 18 | G26: San Luis del Palmar | H26: 18140 | I26: 140 | J26: 140 | K26: 140 | L26: 1000
A27: 26 | B27: maní | C27: 1927 | D27: 1927/1928 | E27: Corrientes | F27: 18 | G27: Capital | H27: 18021 | I27: 134 | J27: 134 | K27: 67 | L27: 500
A28: 27 | B28: maní | C28: 1927 | D28: 1927/1928 | E28: Corrientes | F28: 18 | G28: Curuzu Cuatia | H28: 18035 | I28: 100 | J28: 100 | K28: 100 | L28: 1000
... A87: 86 | B87: maní | C87: 1928 | D87: 1928/1929 | E87: Corrientes | F87: 18 | G87: Saladas | H87: 18126 | I87: 200 | J87: 200 | K87: 140 | L87: 700
A88: 87 | B88: maní | C88: 1928 | D88: 1928/1929 | E88: Corrientes | F88: 18 | G88: otros departamentos | I88: 200 | J88: 200 | K88: 140 | L88: 700
A89: 88 | B89: maní | C89: 1928 | D89: 1928/1929 | E89: Corrientes | F89: 18 | G89: Bella Vista | H89: 18007 | I89: 180 | J89: 180 | K89: 108 | L89: 600
A90: 89 | B90: maní | C90: 1928 | D90: 1928/1929 | E90: Corrientes | F90: 18 | G90: Sauce | H90: 18175 | I90: 180 | J90: 180 | K90: 180 | L90: 1000
A91: 90 | B91: maní | C91: 1928 | D91: 1928/1929 | E91: Corrientes | F91: 18 | G91: Curuzu Cuatia | H91: 18035 | I91: 140 | J91: 140 | K91: 112 | L91: 800
A92: 91 | B92: maní | C92: 1928 | D92: 1928/1929 | E92: Corrientes | F92: 18 | G92: San Luis del Palmar | H92: 18140 | I92: 100 | J92: 100 | K92: 60 | L92: 600
A93: 92 | B93: maní | C93: 1928 | D93: 1928/1929 | E93: Corrientes | F93: 18 | G93: Santo Tomé | H93: 18168 | I93: 100 | J93: 100 | K93: 60 | L93: 600
A94: 93 | B94: maní | C94: 1928 | D94: 1928/1929 | E94: Entre Ríos | F94: 30 | G94: Federación | H94: 30028 | I94: 7600 | J94: 7365 | K94: 9575 | L94: 1300
A95: 94 | B95: maní | C95: 1928 | D95: 1928/1929 | E95: Entre Ríos | F95: 30 | G95: Concordia | H95: 30015 | I95: 3350 | J95: 3250 | K95: 3900 | L95: 1200
A96: 95 | B96: maní | C96: 1928 | D96: 1928/1929 | E96: Entre Ríos | F96: 30 | G96: Colón | H96: 30008 | I96: 420 | J96: 405 | K96: 445 | L96: 1100
A97: 96 | B97: maní | C97: 1928 | D97: 1928/1929 | E97: Formosa | F97: 34 | G97: Pilcomayo | H97: 34049 | I97: 80 | J97: 65 | K97: 13 | L97: 200
A98: 97 | B98: maní | C98: 1928 | D98: 1928/1929 | E98: Formosa | F98: 34 | G98: Pirané | H98: 34056 | I98: 11 | J98: 8 | K98: 2 | L98: 250
A99: 98 | B99: maní | C99: 1928 | D99: 1928/1929 | E99: Formosa | F99: 34 | G99: Patiño | H99: 34035 | I99: 5 | J99: 3 | K99: 1 | L99: 300
A100: 99 | B100: maní | C100: 1928 | D100: 1928/1929 | E100: Misiones | F100: 54 | G100: Apóstoles | H100: 54007 | I100: 320 | J100: 320 | K100: 291 | L100: 909
... A103: 102 | B103: maní | C103: 1928 | D103: 1928/1929 | E103: Misiones | F103: 54 | G103: Concepción | H103: 54035 | I103: 85 | J103: 85 | K103: 75 | L103: 882
A104: 103 | B104: maní | C104: 1928 | D104: 1928/1929 | E104: Salta | F104: 66 | I104: 30 | J104: 30 | K104: 45 | L104: 1500
A105: 104 | B105: maní | C105: 1928 | D105: 1928/1929 | E105: Santa Fe | F105: 82 | G105: General Obligado | H105: 82049 | I105: 9765 | J105: 8984 | K105: 11230 | L105: 1250
A106: 105 | B106: maní | C106: 1928 | D106: 1928/1929 | E106: Santa Fe | F106: 82 | G106: Garay | H106: 82035 | I106: 2000 | J106: 1895 | K106: 3411 | L106: 1800
A107: 106 | B107: maní | C107: 1928 | D107: 1928/1929 | E107: Santa Fe | F107: 82 | G107: San Javier | H107: 82098 | I107: 750 | J107: 710 | K107: 852 | L107: 1200
A108: 107 | B108: maní | C108: 1928 | D108: 1928/1929 | E108: Santa Fe | F108: 82 | G108: Capital | H108: 82063 | I108: 80 | J108: 75 | K108: 64 | L108: 853
A109: 108 | B109: maní | C109: 1928 | D109: 1928/1929 | E109: Santa Fe | F109: 82 | G109: San Justo | H109: 82112 | I109: 15 | J109: 14 | K109: 11 | L109: 786
A110: 109 | B110: maní | C110: 1928 | D110: 1928/1929 | E110: Santiago del Estero | F110: 86 | G110: Matará | H110: 86098 | I110: 27 | J110: 25 | K110: 27 | L110: 1080
A111: 110 | B111: maní | C111: 1928 | D111: 1928/1929 | E111: Santiago del Estero | F111: 86 | G111: Mitre | H111: 86112 | I111: 12 | J111: 9 | K111: 9 | L111: 1000
A112: 111 | B112: maní | C112: 1928 | D112: 1928/1929 | E112: Santiago del Estero | F112: 86 | G112: Moreno | H112: 86119 | I112: 8 | J112: 7 | K112: 7 | L112: 1000
A113: 112 | B113: maní | C113: 1928 | D113: 1928/1929 | E113: Santiago del Estero | F113: 86 | G113: Capital | H113: 86049 | I113: 5 | J113: 5 | K113: 8 | L113: 1600
A114: 113 | B114: maní | C114: 1928 | D114: 1928/1929 | E114: Santiago del Estero | F114: 86 | G114: La Banda | H114: 86035 | I114: 3 | J114: 3 | K114: 4 | L114: 1333
A115: 114 | B115: maní | C115: 1928 | D115: 1928/1929 | E115: Santiago del Estero | F115: 86 | G115: Río Hondo | H115: 86147 | I115: 2 | J115: 2 | K115: 2 | L115: 1000
A116: 115 | B116: maní | C116: 1928 | D116: 1928/1929 | E116: Santiago del Estero | F116: 86 | G116: Choya | H116: 86063 | I116: 1 | J116: 1 | K116: 1 | L116: 1000
... A233: 232 | B233: maní | C233: 1930 | D233: 1930/1931 | E233: Misiones | F233: 54 | G233: Concepción | H233: 54035 | I233: 40 | J233: 40 | K233: 40 | L233: 1000
A234: 233 | B234: maní | C234: 1930 | D234: 1930/1931 | E234: San Juan | F234: 70 | I234: 2 | J234: 2 | K234: 2 | L234: 1000
A235: 234 | B235: maní | C235: 1930 | D235: 1930/1931 | E235: Santa Fe | F235: 82 | G235: General Obligado | H235: 82049 | I235: 10000 | J235: 9800 | K235: 13610 | L235: 1390
A236: 235 | B236: maní | C236: 1930 | D236: 1930/1931 | E236: Santa Fe | F236: 82 | G236: Garay | H236: 82035 | I236: 2400 | J236: 2352 | K236: 3410 | L236: 1450
A237: 236 | B237: maní | C237: 1930 | D237: 1930/1931 | E237: Santa Fe | F237: 82 | G237: San Javier | H237: 82098 | I237: 150 | J237: 150 | K237: 196 | L237: 1307
A238: 237 | B238: maní | C238: 1930 | D238: 1930/1931 | E238: Santa Fe | F238: 82 | G238: Capital | H238: 82063 | I238: 70 | J238: 70 | K238: 105 | L238: 1500
A239: 238 | B239: maní | C239: 1930 | D239: 1930/1931 | E239: Santiago del Estero | F239: 86 | G239: La Banda | H239: 86035 | I239: 13 | J239: 13 | K239: 17 | L239: 1308
A240: 239 | B240: maní | C240: 1930 | D240: 1930/1931 | E240: Santiago del Estero | F240: 86 | G240: Capital | H240: 86049 | I240: 11 | J240: 11 | K240: 13 | L240: 1182
A241: 240 | B241: maní | C241: 1930 | D241: 1930/1931 | E241: Santiago del Estero | F241: 86 | G241: Mitre | H241: 86112 | I241: 5 | J241: 5 | K241: 5 | L241: 1000
A242: 241 | B242: maní | C242: 1930 | D242: 1930/1931 | E242: Santiago del Estero | F242: 86 | G242: Choya | H242: 86063 | I242: 1 | J242: 1 | K242: 1 | L242: 1000
A243: 242 | B243: maní | C243: 1930 | D243: 1930/1931 | E243: Tucumán | F243: 90 | G243: Burruyacú | H243: 90007 | I243: 422 | J243: 422 | K243: 303 | L243: 718
A244: 243 | B244: maní | C244: 1930 | D244: 1930/1931 | E244: Tucumán | F244: 90 | G244: Famaillá | H244: 90028 | I244: 39 | J244: 39 | K244: 19 | L244: 487
A245: 244 | B245: maní | C245: 1930 | D245: 1930/1931 | E245: Tucumán | F245: 90 | G245: Río Chico | H245: 90077 | I245: 35 | J245: 35 | K245: 21 | L245: 600
A246: 245 | B246: maní | C246: 1930 | D246: 1930/1931 | E246: Tucumán | F246: 90 | G246: Trancas | H246: 90112 | I246: 23 | J246: 23 | K246: 9 | L246: 391
... A300: 299 | B300: maní | C300: 1931 | D300: 1931/1932 | E300: San Luis | F300: 74 | G300: Chacabuco | H300: 74028 | I300: 5 | J300: 5 | K300: 4 | L300: 800
A301: 300 | B301: maní | C301: 1931 | D301: 1931/1932 | E301: San Luis | F301: 74 | G301: otros departamentos | I301: 5 | J301: 4 | K301: 3 | L301: 750
A302: 301 | B302: maní | C302: 1931 | D302: 1931/1932 | E302: San Luis | F302: 74 | G302: Libertador General San Martín | H302: 74063 | I302: 5 | J302: 5 | K302: 4 | L302: 800
A303: 302 | B303: maní | C303: 1931 | D303: 1931/1932 | E303: Santa Fe | F303: 82 | G303: General Obligado | H303: 82049 | I303: 7500 | J303: 4500 | K303: 3375 | L303: 750
A304: 303 | B304: maní | C304: 1931 | D304: 1931/1932 | E304: Santa Fe | F304: 82 | G304: Garay | H304: 82035 | I304: 2115 | J304: 1700 | K304: 2023 | L304: 1190
A305: 304 | B305: maní | C305: 1931 | D305: 1931/1932 | E305: Santa Fe | F305: 82 | G305: San Javier | H305: 82098 | I305: 130 | J305: 115 | K305: 92 | L305: 800
A306: 305 | B306: maní | C306: 1931 | D306: 1931/1932 | E306: Santa Fe | F306: 82 | G306: Capital | H306: 82063 | I306: 25 | J306: 20 | K306: 21 | L306: 1050
A307: 306 | B307: maní | C307: 1931 | D307: 1931/1932 | E307: Santiago del Estero | F307: 86 | I307: 27 | J307: 27 | K307: 38 | L307: 1407
A308: 307 | B308: maní | C308: 1931 | D308: 1931/1932 | E308: Tucumán | F308: 90 | G308: Burruyacú | H308: 90007 | I308: 800 | J308: 650 | K308: 880 | L308: 1354
A309: 308 | B309: maní | C309: 1931 | D309: 1931/1932 | E309: Tucumán | F309: 90 | G309: otros departamentos | I309: 350 | J309: 250 | K309: 250 | L309: 1000
A310: 309 | B310: maní | C310: 1931 | D310: 1931/1932 | E310: Tucumán | F310: 90 | G310: Cruz Alta | H310: 90014 | I310: 150 | J310: 100 | K310: 120 | L310: 1200
A311: 310 | B311: maní | C311: 1932 | D311: 1932/1933 | E311: Chaco | F311: 22 | G311: Campo del Cielo | H311: 22105 | I311: 2100 | J311: 2100 | K311: 3427 | L311: 1632
A312: 311 | B312: maní | C312: 1932 | D312: 1932/1933 | E312: Chaco | F312: 22 | G312: Coronel Martínez de Hoz | H312: 22084 | I312: 40 | J312: 40 | K312: 76 | L312: 1900
A313: 312 | B313: maní | C313: 1932 | D313: 1932/1933 | E313: Chaco | F313: 22 | G313: Napalpí | H313: 22049 | I313: 40 | J313: 40 | K313: 72 | L313: 1800
A314: 313 | B314: maní | C314: 1932 | D314: 1932/1933 | E314: Córdoba | F314: 14 | G314: Santa María | H314: 14147 | I314: 18000 | J314: 18000 | K314: 16200 | L314: 900
A315: 314 | B315: maní | C315: 1932 | D315: 1932/1933 | E315: Córdoba | F315: 14 | G315: Río Segundo | H315: 14119 | I315: 16000 | J315: 16000 | K315: 16000 | L315: 1000
A316: 315 | B316: maní | C316: 1932 | D316: 1932/1933 | E316: Córdoba | F316: 14 | G316: Tercero Arriba | H316: 14161 | I316: 6000 | J316: 5000 | K316: 3282 | L316: 656
A317: 316 | B317: maní | C317: 1932 | D317: 1932/1933 | E317: Córdoba | F317: 14 | G317: Río Primero | H317: 14105 | I317: 4000 | J317: 4000 | K317: 4000 | L317: 1000
A318: 317 | B318: maní | C318: 1932 | D318: 1932/1933 | E318: Córdoba | F318: 14 | G318: Colón | H318: 14021 | I318: 3500 | J318: 3500 | K318: 3150 | L318: 900
A319: 318 | B319: maní | C319: 1932 | D319: 1932/1933 | E319: Córdoba | F319: 14 | G319: Capital | H319: 14014 | I319: 700 | J319: 700 | K319: 700 | L319: 1000
A320: 319 | B320: maní | C320: 1932 | D320: 1932/1933 | E320: Córdoba | F320: 14 | G320: Tercero Abajo | H320: 14042 | I320: 300 | J320: 300 | K320: 360 | L320: 1200
A321: 320 | B321: maní | C321: 1932 | D321: 1932/1933 | E321: Córdoba | F321: 14 | G321: Totoral | H321: 14168 | I321: 300 | J321: 300 | K321: 270 | L321: 900
... A361: 360 | B361: maní | C361: 1932 | D361: 1932/1933 | E361: San Luis | F361: 74 | G361: Junín | H361: 74049 | I361: 7 | J361: 4 | K361: 3 | L361: 750
A362: 361 | B362: maní | C362: 1932 | D362: 1932/1933 | E362: San Luis | F362: 74 | G362: Coronel Pringles | H362: 74021 | I362: 6
A363: 362 | B363: maní | C363: 1932 | D363: 1932/1933 | E363: San Luis | F363: 74 | G363: Capital | H363: 74056 | I363: 3
A364: 363 | B364: maní | C364: 1932 | D364: 1932/1933 | E364: Santa Fe | F364: 82 | G364: General Obligado | H364: 82049 | I364: 14670 | J364: 10269 | K364: 11361 | L364: 1106
A365: 364 | B365: maní | C365: 1932 | D365: 1932/1933 | E365: Santa Fe | F365: 82 | G365: Garay | H365: 82035 | I365: 5520 | J365: 4968 | K365: 6210 | L365: 1250
A366: 365 | B366: maní | C366: 1932 | D366: 1932/1933 | E366: Santa Fe | F366: 82 | G366: San Javier | H366: 82098 | I366: 430 | J366: 323 | K366: 323 | L366: 1000
A367: 366 | B367: maní | C367: 1932 | D367: 1932/1933 | E367: Santiago del Estero | F367: 86 | G367: La Banda | H367: 86035 | I367: 75 | J367: 75 | K367: 86 | L367: 1147
A368: 367 | B368: maní | C368: 1932 | D368: 1932/1933 | E368: Santiago del Estero | F368: 86 | G368: Capital | H368: 86049 | I368: 15 | J368: 15 | K368: 21 | L368: 1400
A369: 368 | B369: maní | C369: 1932 | D369: 1932/1933 | E369: Santiago del Estero | F369: 86 | G369: Robles | H369: 86161 | I369: 3 | J369: 3 | K369: 3 | L369: 1100
...

Sheet InDepth_Analysis
A1: Provincias | B1: Superficie sembrada | C1: Superficie cosechada | D1: Toneladas producidas | E1: Rendimiento Kg x Ha
A2: Córdoba | B2: 948586 | C2: 933417 | D2: 3172237 | E2: 178342
A3: 2019/2020 | B3: 306528 | C3: 305772 | D3: 1096907 | E3: 50110
A4: 2020/2021 | B4: 318284 | C4: 314214 | D4: 1021036 | E4: 65322
A5: 2021/2022 | B5: 323774 | C5: 313431 | D5: 1054294 | E5: 62910
A6: Buenos Aires | B6: 98403 | C6: 98274 | D6: 324553 | E6: 134300
A7: 2019/2020 | B7: 20510 | C7: 20402 | D7: 77456 | E7: 37899
A8: 2020/2021 | B8: 39009 | C8: 39009 | D8: 111171 | E8: 40800
A9: 2021/2022 | B9: 38884 | C9: 38863 | D9: 135926 | E9: 55601
A10: La Pampa | B10: 55914 | C10: 55114 | D10: 175413 | E10: 69630
A11: 2019/2020 | B11: 15850 | C11: 15550 | D11: 56105 | E11: 27600
A12: 2020/2021 | B12: 21372 | C12: 21172 | D12: 58706 | E12: 20600
A13: 2021/2022 | B13: 18692 | C13: 18392 | D13: 60602 | E13: 21430
... A38: Total general | B38: 1191822 | C38: 1175610 | D38: 3898840 | E38: 470053

Sheet Depts_Comparison
B11: Departamento | C11: Superficie sembrada | D11: Superficie cosechada
B12: Río Cuarto | C12: 324000 | D12: 324000
B13: 2021 | C13: 89000 | D13: 89000
B14: 2022 | C14: 69000 | D14: 69000
B15: 2023 | C15: 81000 | D15: 81000
B16: 2024 | C16: 85000 | D16: 85000
B17: General Villegas | C17: 57500 | D17: 57500
B18: 2021 | C18: 11000 | D18: 11000
B19: 2022 | C19: 17000 | D19: 17000
B20: 2023 | C20: 12000 | D20: 12000
B21: 2024 | C21: 17500 | D21: 17500
B22: Total general | C22: 381500 | D22: 381500

Sheet Validation_Functions
A2: DEPTOS | B2: HA_SEMBRADA | C2: HA_COSECHADA | D2: TN_PRODUCIDAS | E2: RENDIMIENTO_KGXHA | G2: Produccion por provincia
A3: {=_xlfn.CHOOSECOLS(_xlfn.TAKE(_xlfn._xlws.SORT(_xlfn._xlws.FILTER(Produccion_mani[], (Produccion_mani[provincia_nombre]=provincia)*(Produccion_mani[campania]=campania)), 9, 1),- 5),7)} -> Tercero Arriba | B3: {=_xlfn.CHOOSECOLS(_xlfn.TAKE(_xlfn._xlws.SORT(_xlfn._xlws.FILTER(Produccion_mani[], (Produccion_mani[provincia_nombre]=provincia)*(Produccion_mani[campania]=campania)), 9, 1), -5),9)} -> 18000 | C3: {=_xlfn.CHOOSECOLS(_xlfn.TAKE(_xlfn._xlws.SORT(_xlfn._xlws.FILTER(Produccion_mani[], (Produccion_mani[provincia_nombre]=provincia)*(Produccion_mani[campania]=campania)), 9, 1), -5),10)} -> 18000 | D3: {=_xlfn.CHOOSECOLS(_xlfn.TAKE(_xlfn._xlws.SORT(_xlfn._xlws.FILTER(Produccion_mani[], (Produccion_mani[provincia_nombre]=provincia)*(Produccion_mani[campania]=campania)), 9, 1), -5),11)} -> 63000 | E3: {=_xlfn.CHOOSECOLS(_xlfn.TAKE(_xlfn._xlws.SORT(_xlfn._xlws.FILTER(Produccion_mani[], (Produccion_mani[provincia_nombre]=provincia)*(Produccion_mani[campania]=campania)), 9, 1), -5),12)} -> 3500 | G3: provincias | H3: tn_historicas | I3: ha_sembradas_historicas | J3: ha_cosechadas_historicas | M3: PROMEDIOS
A4: Presidente Roque Sáenz Peña | B4: 23940 | C4: 23666 | D4: 82831 | E4: 3500 | G4: {=_xlfn.UNIQUE(Produccion_mani[provincia_nombre])} -> Chaco | H4: {=SUM(IF((Produccion_mani[provincia_nombre]=G4),Produccion_mani[produccion_tm]))} -> 24753 | I4: {=SUM(IF((Produccion_mani[provincia_nombre]=G4),Produccion_mani[superficie_sembrada_ha]))} -> 29354 | J4: {=SUM(IF((Produccion_mani[provincia_nombre]=G4),Produccion_mani[superficie_cosechada_ha]))} -> 26695 | K4: {=SUM(IF((Produccion_mani[provincia_nombre]=G4),Produccion_mani[rendimiento_kgxha]))} -> 227574 | M4: {=_xlfn.UNIQUE(Produccion_mani[provincia_nombre])} -> Chaco | N4: {=AVERAGE(IF((Produccion_mani[provincia_nombre]=G4),Produccion_mani[produccion_tm]))} -> 69.923729 | O4: {=AVERAGE(IF((Produccion_mani[provincia_nombre]=G4),Produccion_mani[superficie_sembrada_ha]))} -> 82.920904 | P4: {=AVERAGE(IF((Produccion_mani[provincia_nombre]=G4),Produccion_mani[superficie_cosechada_ha]))} -> 75.409605 | Q4: {=AVERAGE(IF((Produccion_mani[provincia_nombre]=G4),Produccion_mani[rendimiento_kgxha]))} -> 642.86441
A5: Juárez Celman | B5: 32500 | C5: 32500 | D5: 116675 | E5: 3590 | G5: Córdoba | H5: {=SUM(IF((Produccion_mani[provincia_nombre]=G5),Produccion_mani[produccion_tm]))} -> 34220930 | I5: {=SUM(IF((Produccion_mani[provincia_nombre]=G5),Produccion_mani[superficie_sembrada_ha]))} -> 20942037 | J5: {=SUM(IF((Produccion_mani[provincia_nombre]=G5),Produccion_mani[superficie_cosechada_ha]))} -> 20156675 | K5: {=SUM(IF((Produccion_mani[provincia_nombre]=G5),Produccion_mani[rendimiento_kgxha]))} -> 1787341 | M5: Córdoba | N5: {=AVERAGE(IF((Produccion_mani[provincia_nombre]=G5),Produccion_mani[produccion_tm]))} -> 28976.232 | O5: {=AVERAGE(IF((Produccion_mani[provincia_nombre]=G5),Produccion_mani[superficie_sembrada_ha]))} -> 17732.461 | P5: {=AVERAGE(IF((Produccion_mani[provincia_nombre]=G5),Produccion_mani[superficie_cosechada_ha]))} -> 17067.464 | Q5: {=AVERAGE(IF((Produccion_mani[provincia_nombre]=G5),Produccion_mani[rendimiento_kgxha]))} -> 1513.4132
A6: Río Cuarto | B6: 89000 | C6: 89000 | D6: 319510 | E6: 3590 | G6: Corrientes | H6: {=SUM(IF((Produccion_mani[provincia_nombre]=G6),Produccion_mani[produccion_tm]))} -> 66651 | I6: {=SUM(IF((Produccion_mani[provincia_nombre]=G6),Produccion_mani[superficie_sembrada_ha]))} -> 82657 | J6: {=SUM(IF((Produccion_mani[provincia_nombre]=G6),Produccion_mani[superficie_cosechada_ha]))} -> 69955 | K6: {=SUM(IF((Produccion_mani[provincia_nombre]=G6),Produccion_mani[rendimiento_kgxha]))} -> 787396 | M6: Corrientes | N6: {=AVERAGE(IF((Produccion_mani[provincia_nombre]=G6),Produccion_mani[produccion_tm]))} -> 66.651 | O6: {=AVERAGE(IF((Produccion_mani[provincia_nombre]=G6),Produccion_mani[superficie_sembrada_ha]))} -> 82.657 | P6: {=AVERAGE(IF((Produccion_mani[provincia_nombre]=G6),Produccion_mani[superficie_cosechada_ha]))} -> 69.955 | Q6: {=AVERAGE(IF((Produccion_mani[provincia_nombre]=G6),Produccion_mani[rendimiento_kgxha]))} -> 787.396
A7: General Roca | B7: 90060 | C7: 89878 | D7: 314573 | E7: 3500 | G7: Entre Ríos | H7: {=SUM(IF((Produccion_mani[provincia_nombre]=G7),Produccion_mani[produccion_tm]))} -> 186177 | I7: {=SUM(IF((Produccion_mani[provincia_nombre]=G7),Produccion_mani[superficie_sembrada_ha]))} -> 204725 | J7: {=SUM(IF((Produccion_mani[provincia_nombre]=G7),Produccion_mani[superficie_cosechada_ha]))} -> 174772 | K7: {=SUM(IF((Produccion_mani[provincia_nombre]=G7),Produccion_mani[rendimiento_kgxha]))} -> 140905 | M7: Entre Ríos | N7: {=AVERAGE(IF((Produccion_mani[provincia_nombre]=G7),Produccion_mani[produccion_tm]))} -> 921.66832 | O7: {=AVERAGE(IF((Produccion_mani[provincia_nombre]=G7),Produccion_mani[superficie_sembrada_ha]))} -> 1013.4901 | P7: {=AVERAGE(IF((Produccion_mani[provincia_nombre]=G7),Produccion_mani[superficie_cosechada_ha]))} -> 865.20792 | Q7: {=AVERAGE(IF((Produccion_mani[provincia_nombre]=G7),Produccion_mani[rendimiento_kgxha]))} -> 697.5495
G8: Formosa | H8: {=SUM(IF((Produccion_mani[provincia_nombre]=G8),Produccion_mani[produccion_tm]))} -> 21618 | I8: {=SUM(IF((Produccion_mani[provincia_nombre]=G8),Produccion_mani[superficie_sembrada_ha]))} -> 18510 | J8: {=SUM(IF((Produccion_mani[provincia_nombre]=G8),Produccion_mani[superficie_cosechada_ha]))} -> 17149 | K8: {=SUM(IF((Produccion_mani[provincia_nombre]=G8),Produccion_mani[rendimiento_kgxha]))} -> 274671 | M8: Formosa | N8: {=AVERAGE(IF((Produccion_mani[provincia_nombre]=G8),Produccion_mani[produccion_tm]))} -> 71.582781 | O8: {=AVERAGE(IF((Produccion_mani[provincia_nombre]=G8),Produccion_mani[superficie_sembrada_ha]))} -> 61.291391 | P8: {=AVERAGE(IF((Produccion_mani[provincia_nombre]=G8),Produccion_mani[superficie_cosechada_ha]))} -> 56.784768 | Q8: {=AVERAGE(IF((Produccion_mani[provincia_nombre]=G8),Produccion_mani[rendimiento_kgxha]))} -> 909.50662
G9: Jujuy | H9: {=SUM(IF((Produccion_mani[provincia_nombre]=G9),Produccion_mani[produccion_tm]))} -> 13910 | I9: {=SUM(IF((Produccion_mani[provincia_nombre]=G9),Produccion_mani[superficie_sembrada_ha]))} -> 11962 | J9: {=SUM(IF((Produccion_mani[provincia_nombre]=G9),Produccion_mani[superficie_cosechada_ha]))} -> 11429 | K9: {=SUM(IF((Produccion_mani[provincia_nombre]=G9),Produccion_mani[rendimiento_kgxha]))} -> 63070 | M9: Jujuy | N9: {=AVERAGE(IF((Produccion_mani[provincia_nombre]=G9),Produccion_mani[produccion_tm]))} -> 248.39286 | O9: {=AVERAGE(IF((Produccion_mani[provincia_nombre]=G9),Produccion_mani[superficie_sembrada_ha]))} -> 213.60714 | P9: {=AVERAGE(IF((Produccion_mani[provincia_nombre]=G9),Produccion_mani[superficie_cosechada_ha]))} -> 204.08929 | Q9: {=AVERAGE(IF((Produccion_mani[provincia_nombre]=G9),Produccion_mani[rendimiento_kgxha]))} -> 1126.25
G10: Misiones | H10: {=SUM(IF((Produccion_mani[provincia_nombre]=G10),Produccion_mani[produccion_tm]))} -> 20260 | I10: {=SUM(IF((Produccion_mani[provincia_nombre]=G10),Produccion_mani[superficie_sembrada_ha]))} -> 27464 | J10: {=SUM(IF((Produccion_mani[provincia_nombre]=G10),Produccion_mani[superficie_cosechada_ha]))} -> 22667 | K10: {=SUM(IF((Produccion_mani[provincia_nombre]=G10),Produccion_mani[rendimiento_kgxha]))} -> 543358 | M10: Misiones | N10: {=AVERAGE(IF((Produccion_mani[provincia_nombre]=G10),Produccion_mani[produccion_tm]))} -> 28.656294 | O10: {=AVERAGE(IF((Produccion_mani[provincia_nombre]=G10),Produccion_mani[superficie_sembrada_ha]))} -> 38.845827 | P10: {=AVERAGE(IF((Produccion_mani[provincia_nombre]=G10),Produccion_mani[superficie_cosechada_ha]))} -> 32.06082 | Q10: {=AVERAGE(IF((Produccion_mani[provincia_nombre]=G10),Produccion_mani[rendimiento_kgxha]))} -> 768.54031
G11: Santa Fe | H11: {=SUM(IF((Produccion_mani[provincia_nombre]=G11),Produccion_mani[produccion_tm]))} -> 528321 | I11: {=SUM(IF((Produccion_mani[provincia_nombre]=G11),Produccion_mani[superficie_sembrada_ha]))} -> 367795 | J11: {=SUM(IF((Produccion_mani[provincia_nombre]=G11),Produccion_mani[superficie_cosechada_ha]))} -> 323838 | K11: {=SUM(IF((Produccion_mani[provincia_nombre]=G11),Produccion_mani[rendimiento_kgxha]))} -> 319249 | M11: Santa Fe | N11: {=AVERAGE(IF((Produccion_mani[provincia_nombre]=G11),Produccion_mani[produccion_tm]))} -> 2238.6483 | O11: {=AVERAGE(IF((Produccion_mani[provincia_nombre]=G11),Produccion_mani[superficie_sembrada_ha]))} -> 1558.4534 | P11: {=AVERAGE(IF((Produccion_mani[provincia_nombre]=G11),Produccion_mani[superficie_cosechada_ha]))} -> 1372.1949 | Q11: {=AVERAGE(IF((Produccion_mani[provincia_nombre]=G11),Produccion_mani[rendimiento_kgxha]))} -> 1352.75
G12: Santiago del Estero | H12: {=SUM(IF((Produccion_mani[provincia_nombre]=G12),Produccion_mani[produccion_tm]))} -> 2754 | I12: {=SUM(IF((Produccion_mani[provincia_nombre]=G12),Produccion_mani[superficie_sembrada_ha]))} -> 3065 | J12: {=SUM(IF((Produccion_mani[provincia_nombre]=G12),Produccion_mani[superficie_cosechada_ha]))} -> 2600 | K12: {=SUM(IF((Produccion_mani[provincia_nombre]=G12),Produccion_mani[rendimiento_kgxha]))} -> 104417 | M12: Santiago del Estero | N12: {=AVERAGE(IF((Produccion_mani[provincia_nombre]=G12),Produccion_mani[produccion_tm]))} -> 20.25 | O12: {=AVERAGE(IF((Produccion_mani[provincia_nombre]=G12),Produccion_mani[superficie_sembrada_ha]))} -> 22.536765 | P12: {=AVERAGE(IF((Produccion_mani[provincia_nombre]=G12),Produccion_mani[superficie_cosechada_ha]))} -> 19.117647 | Q12: {=AVERAGE(IF((Produccion_mani[provincia_nombre]=G12),Produccion_mani[rendimiento_kgxha]))} -> 767.77206
G13: Tucumán | H13: {=SUM(IF((Produccion_mani[provincia_nombre]=G13),Produccion_mani[produccion_tm]))} -> 56633 | I13: {=SUM(IF((Produccion_mani[provincia_nombre]=G13),Produccion_mani[superficie_sembrada_ha]))} -> 58489 | J13: {=SUM(IF((Produccion_mani[provincia_nombre]=G13),Produccion_mani[superficie_cosechada_ha]))} -> 49058 | K13: {=SUM(IF((Produccion_mani[provincia_nombre]=G13),Produccion_mani[rendimiento_kgxha]))} -> 305269 | M13: Tucumán | N13: {=AVERAGE(IF((Produccion_mani[provincia_nombre]=G13),Produccion_mani[produccion_tm]))} -> 183.87338 | O13: {=AVERAGE(IF((Produccion_mani[provincia_nombre]=G13),Produccion_mani[superficie_sembrada_ha]))} -> 189.89935 | P13: {=AVERAGE(IF((Produccion_mani[provincia_nombre]=G13),Produccion_mani[superficie_cosechada_ha]))} -> 159.27922 | Q13: {=AVERAGE(IF((Produccion_mani[provincia_nombre]=G13),Produccion_mani[rendimiento_kgxha]))} -> 991.13312
G14: Catamarca | H14: {=SUM(IF((Produccion_mani[provincia_nombre]=G14),Produccion_mani[produccion_tm]))} -> 11537 | I14: {=SUM(IF((Produccion_mani[provincia_nombre]=G14),Produccion_mani[superficie_sembrada_ha]))} -> 8117 | J14: {=SUM(IF((Produccion_mani[provincia_nombre]=G14),Produccion_mani[superficie_cosechada_ha]))} -> 7677 | K14: {=SUM(IF((Produccion_mani[provincia_nombre]=G14),Produccion_mani[rendimiento_kgxha]))} -> 22081 | M14: Catamarca | N14: {=AVERAGE(IF((Produccion_mani[provincia_nombre]=G14),Produccion_mani[produccion_tm]))} -> 501.6087 | O14: {=AVERAGE(IF((Produccion_mani[provincia_nombre]=G14),Produccion_mani[superficie_sembrada_ha]))} -> 352.91304 | P14: {=AVERAGE(IF((Produccion_mani[provincia_nombre]=G14),Produccion_mani[superficie_cosechada_ha]))} -> 333.78261 | Q14: {=AVERAGE(IF((Produccion_mani[provincia_nombre]=G14),Produccion_mani[rendimiento_kgxha]))} -> 960.04348
G15: Salta | H15: {=SUM(IF((Produccion_mani[provincia_nombre]=G15),Produccion_mani[produccion_tm]))} -> 251121 | I15: {=SUM(IF((Produccion_mani[provincia_nombre]=G15),Produccion_mani[superficie_sembrada_ha]))} -> 200589 | J15: {=SUM(IF((Produccion_mani[provincia_nombre]=G15),Produccion_mani[superficie_cosechada_ha]))} -> 189877 | K15: {=SUM(IF((Produccion_mani[provincia_nombre]=G15),Produccion_mani[rendimiento_kgxha]))} -> 375429 | M15: Salta | N15: {=AVERAGE(IF((Produccion_mani[provincia_nombre]=G15),Produccion_mani[produccion_tm]))} -> 831.52649 | O15: {=AVERAGE(IF((Produccion_mani[provincia_nombre]=G15),Produccion_mani[superficie_sembrada_ha]))} -> 664.20199 | P15: {=AVERAGE(IF((Produccion_mani[provincia_nombre]=G15),Produccion_mani[superficie_cosechada_ha]))} -> 628.73179 | Q15: {=AVERAGE(IF((Produccion_mani[provincia_nombre]=G15),Produccion_mani[rendimiento_kgxha]))} -> 1243.1424
G16: San Juan | H16: {=SUM(IF((Produccion_mani[provincia_nombre]=G16),Produccion_mani[produccion_tm]))} -> 36 | I16: {=SUM(IF((Produccion_mani[provincia_nombre]=G16),Produccion_mani[superficie_sembrada_ha]))} -> 39 | J16: {=SUM(IF((Produccion_mani[provincia_nombre]=G16),Produccion_mani[superficie_cosechada_ha]))} -> 32 | K16: {=SUM(IF((Produccion_mani[provincia_nombre]=G16),Produccion_mani[rendimiento_kgxha]))} -> 9217 | M16: San Juan | N16: {=AVERAGE(IF((Produccion_mani[provincia_nombre]=G16),Produccion_mani[produccion_tm]))} -> 4 | O16: {=AVERAGE(IF((Produccion_mani[provincia_nombre]=G16),Produccion_mani[superficie_sembrada_ha]))} -> 4.3333333 | P16: {=AVERAGE(IF((Produccion_mani[provincia_nombre]=G16),Produccion_mani[superficie_cosechada_ha]))} -> 3.5555556 | Q16: {=AVERAGE(IF((Produccion_mani[provincia_nombre]=G16),Produccion_mani[rendimiento_kgxha]))} -> 1024.1111
G17: San Luis | H17: {=SUM(IF((Produccion_mani[provincia_nombre]=G17),Produccion_mani[produccion_tm]))} -> 717565 | I17: {=SUM(IF((Produccion_mani[provincia_nombre]=G17),Produccion_mani[superficie_sembrada_ha]))} -> 254411 | J17: {=SUM(IF((Produccion_mani[provincia_nombre]=G17),Produccion_mani[superficie_cosechada_ha]))} -> 243919 | K17: {=SUM(IF((Produccion_mani[provincia_nombre]=G17),Produccion_mani[rendimiento_kgxha]))} -> 294312 | M17: San Luis | N17: {=AVERAGE(IF((Produccion_mani[provincia_nombre]=G17),Produccion_mani[produccion_tm]))} -> 4752.0861 | O17: {=AVERAGE(IF((Produccion_mani[provincia_nombre]=G17),Produccion_mani[superficie_sembrada_ha]))} -> 1684.8411 | P17: {=AVERAGE(IF((Produccion_mani[provincia_nombre]=G17),Produccion_mani[superficie_cosechada_ha]))} -> 1615.3576 | Q17: {=AVERAGE(IF((Produccion_mani[provincia_nombre]=G17),Produccion_mani[rendimiento_kgxha]))} -> 1949.0861
G18: Mendoza | H18: {=SUM(IF((Produccion_mani[provincia_nombre]=G18),Produccion_mani[produccion_tm]))} -> 935 | I18: {=SUM(IF((Produccion_mani[provincia_nombre]=G18),Produccion_mani[superficie_sembrada_ha]))} -> 1759 | J18: {=SUM(IF((Produccion_mani[provincia_nombre]=G18),Produccion_mani[superficie_cosechada_ha]))} -> 1143 | K18: {=SUM(IF((Produccion_mani[provincia_nombre]=G18),Produccion_mani[rendimiento_kgxha]))} -> 26628 | M18: Mendoza | N18: {=AVERAGE(IF((Produccion_mani[provincia_nombre]=G18),Produccion_mani[produccion_tm]))} -> 27.5 | O18: {=AVERAGE(IF((Produccion_mani[provincia_nombre]=G18),Produccion_mani[superficie_sembrada_ha]))} -> 51.735294 | P18: {=AVERAGE(IF((Produccion_mani[provincia_nombre]=G18),Produccion_mani[superficie_cosechada_ha]))} -> 33.617647 | Q18: {=AVERAGE(IF((Produccion_mani[provincia_nombre]=G18),Produccion_mani[rendimiento_kgxha]))} -> 783.17647
G19: Buenos Aires | H19: {=SUM(IF((Produccion_mani[provincia_nombre]=G19),Produccion_mani[produccion_tm]))} -> 1069917 | I19: {=SUM(IF((Produccion_mani[provincia_nombre]=G19),Produccion_mani[superficie_sembrada_ha]))} -> 317539 | J19: {=SUM(IF((Produccion_mani[provincia_nombre]=G19),Produccion_mani[superficie_cosechada_ha]))} -> 317134 | K19: {=SUM(IF((Produccion_mani[provincia_nombre]=G19),Produccion_mani[rendimiento_kgxha]))} -> 410784 | M19: Buenos Aires | N19: {=AVERAGE(IF((Produccion_mani[provincia_nombre]=G19),Produccion_mani[produccion_tm]))} -> 7809.6131 | O19: {=AVERAGE(IF((Produccion_mani[provincia_nombre]=G19),Produccion_mani[superficie_sembrada_ha]))} -> 2317.8029 | P19: {=AVERAGE(IF((Produccion_mani[provincia_nombre]=G19),Produccion_mani[superficie_cosechada_ha]))} -> 2314.8467 | Q19: {=AVERAGE(IF((Produccion_mani[provincia_nombre]=G19),Produccion_mani[rendimiento_kgxha]))} -> 2998.4234
... G21: La Rioja | H21: {=SUM(IF((Produccion_mani[provincia_nombre]=G21),Produccion_mani[produccion_tm]))} -> 0 | I21: {=SUM(IF((Produccion_mani[provincia_nombre]=G21),Produccion_mani[superficie_sembrada_ha]))} -> 270 | J21: {=SUM(IF((Produccion_mani[provincia_nombre]=G21),Produccion_mani[superficie_cosechada_ha]))} -> 0 | K21: {=SUM(IF((Produccion_mani[provincia_nombre]=G21),Produccion_mani[rendimiento_kgxha]))} -> 0 | M21: La Rioja | N21: {=AVERAGE(IF((Produccion_mani[provincia_nombre]=G21),Produccion_mani[produccion_tm]))} -> 0 | O21: {=AVERAGE(IF((Produccion_mani[provincia_nombre]=G21),Produccion_mani[superficie_sembrada_ha]))} -> 270 | P21: {=AVERAGE(IF((Produccion_mani[provincia_nombre]=G21),Produccion_mani[superficie_cosechada_ha]))} -> 0 | Q21: {=AVERAGE(IF((Produccion_mani[provincia_nombre]=G21),Produccion_mani[rendimiento_kgxha]))} -> 0
A29: TN PROD X CAMP | B29: {=TRANSPOSE(_xlfn.ANCHORARRAY(A137))} -> Chaco | C29: Córdoba | D29: Corrientes | E29: Entre Ríos | F29: Formosa | G29: Jujuy | H29: Misiones | I29: Santa Fe | J29: Santiago del Estero | K29: Tucumán | L29: Catamarca | M29: Salta | N29: San Juan | O29: San Luis | P29: Mendoza | Q29: Buenos Aires | R29: La Pampa | S29: La Rioja
A30: {=_xlfn.UNIQUE(Produccion_mani[campania])} -> 1927/1928 | B30: {=SUM(IF((Produccion_mani[provincia_nombre]=B$29)*(Produccion_mani[campania]=A30),Produccion_mani[produccion_tm]))} -> 3775 | C30: {=SUM(IF((Produccion_mani[provincia_nombre]=C$29)*(Produccion_mani[campania]=A30),Produccion_mani[produccion_tm]))} -> 32742 | D30: {=SUM(IF((Produccion_mani[provincia_nombre]=D$29)*(Produccion_mani[campania]=A30),Produccion_mani[produccion_tm]))} -> 2724 | E30: {=SUM(IF((Produccion_mani[provincia_nombre]=E$29)*(Produccion_mani[campania]=A30),Produccion_mani[produccion_tm]))} -> 11640 | F30: {=SUM(IF((Produccion_mani[provincia_nombre]=F$29)*(Produccion_mani[campania]=A30),Produccion_mani[produccion_tm]))} -> 100 | G30: {=SUM(IF((Produccion_mani[provincia_nombre]=G$29)*(Produccion_mani[campania]=A30),Produccion_mani[produccion_tm]))} -> 27 | H30: {=SUM(IF((Produccion_mani[provincia_nombre]=H$29)*(Produccion_mani[campania]=A30),Produccion_mani[produccion_tm]))} -> 529 | I30: {=SUM(IF((Produccion_mani[provincia_nombre]=I$29)*(Produccion_mani[campania]=A30),Produccion_mani[produccion_tm]))} -> 12906 | J30: {=SUM(IF((Produccion_mani[provincia_nombre]=J$29)*(Produccion_mani[campania]=A30),Produccion_mani[produccion_tm]))} -> 98 | K30: {=SUM(IF((Produccion_mani[provincia_nombre]=K$29)*(Produccion_mani[campania]=A30),Produccion_mani[produccion_tm]))} -> 183 | L30: {=SUM(IF((Produccion_mani[provincia_nombre]=L$29)*(Produccion_mani[campania]=A30),Produccion_mani[produccion_tm]))} -> 0 | M30: {=SUM(IF((Produccion_mani[provincia_nombre]=M$29)*(Produccion_mani[campania]=A30),Produccion_mani[produccion_tm]))} -> 0 | N30: {=SUM(IF((Produccion_mani[provincia_nombre]=N$29)*(Produccion_mani[campania]=A30),Produccion_mani[produccion_tm]))} -> 0 | O30: {=SUM(IF((Produccion_mani[provincia_nombre]=O$29)*(Produccion_mani[campania]=A30),Produccion_mani[produccion_tm]))} -> 0 | P30: {=SUM(IF((Produccion_mani[provincia_nombre]=P$29)*(Produccion_mani[campania]=A30),Produccion_mani[produccion_tm]))} -> 0 | Q30: {=SUM(IF((Produccion_mani[provincia_nombre]=Q$29)*(Produccion_mani[campania]=A30),Produccion_mani[produccion_tm]))} -> 0 | R30: {=SUM(IF((Produccion_mani[provincia_nombre]=R$29)*(Produccion_mani[campania]=A30),Produccion_mani[produccion_tm]))} -> 0 | S30: {=SUM(IF((Produccion_mani[provincia_nombre]=S$29)*(Produccion_mani[campania]=A30),Produccion_mani[produccion_tm]))} -> 0
A31: 1928/1929 | B31: {=SUM(IF((Produccion_mani[provincia_nombre]=B$29)*(Produccion_mani[campania]=A31),Produccion_mani[produccion_tm]))} -> 1205 | C31: {=SUM(IF((Produccion_mani[provincia_nombre]=C$29)*(Produccion_mani[campania]=A31),Produccion_mani[produccion_tm]))} -> 11930 | D31: {=SUM(IF((Produccion_mani[provincia_nombre]=D$29)*(Produccion_mani[campania]=A31),Produccion_mani[produccion_tm]))} -> 2774 | E31: {=SUM(IF((Produccion_mani[provincia_nombre]=E$29)*(Produccion_mani[campania]=A31),Produccion_mani[produccion_tm]))} -> 13920 | F31: {=SUM(IF((Produccion_mani[provincia_nombre]=F$29)*(Produccion_mani[campania]=A31),Produccion_mani[produccion_tm]))} -> 16 | G31: {=SUM(IF((Produccion_mani[provincia_nombre]=G$29)*(Produccion_mani[campania]=A31),Produccion_mani[produccion_tm]))} -> 0 | H31: {=SUM(IF((Produccion_mani[provincia_nombre]=H$29)*(Produccion_mani[campania]=A31),Produccion_mani[produccion_tm]))} -> 611 | I31: {=SUM(IF((Produccion_mani[provincia_nombre]=I$29)*(Produccion_mani[campania]=A31),Produccion_mani[produccion_tm]))} -> 15568 | J31: {=SUM(IF((Produccion_mani[provincia_nombre]=J$29)*(Produccion_mani[campania]=A31),Produccion_mani[produccion_tm]))} -> 58 | K31: {=SUM(IF((Produccion_mani[provincia_nombre]=K$29)*(Produccion_mani[campania]=A31),Produccion_mani[produccion_tm]))} -> 34 | L31: {=SUM(IF((Produccion_mani[provincia_nombre]=L$29)*(Produccion_mani[campania]=A31),Produccion_mani[produccion_tm]))} -> 25 | M31: {=SUM(IF((Produccion_mani[provincia_nombre]=M$29)*(Produccion_mani[campania]=A31),Produccion_mani[produccion_tm]))} -> 45 | N31: {=SUM(IF((Produccion_mani[provincia_nombre]=N$29)*(Produccion_mani[campania]=A31),Produccion_mani[produccion_tm]))} -> 0 | O31: {=SUM(IF((Produccion_mani[provincia_nombre]=O$29)*(Produccion_mani[campania]=A31),Produccion_mani[produccion_tm]))} -> 0 | P31: {=SUM(IF((Produccion_mani[provincia_nombre]=P$29)*(Produccion_mani[campania]=A31),Produccion_mani[produccion_tm]))} -> 0 | Q31: {=SUM(IF((Produccion_mani[provincia_nombre]=Q$29)*(Produccion_mani[campania]=A31),Produccion_mani[produccion_tm]))} -> 0 | R31: {=SUM(IF((Produccion_mani[provincia_nombre]=R$29)*(Produccion_mani[campania]=A31),Produccion_mani[produccion_tm]))} -> 0 | S31: {=SUM(IF((Produccion_mani[provincia_nombre]=S$29)*(Produccion_mani[campania]=A31),Produccion_mani[produccion_tm]))} -> 0
A32: 1929/1930 | B32: {=SUM(IF((Produccion_mani[provincia_nombre]=B$29)*(Produccion_mani[campania]=A32),Produccion_mani[produccion_tm]))} -> 1200 | C32: {=SUM(IF((Produccion_mani[provincia_nombre]=C$29)*(Produccion_mani[campania]=A32),Produccion_mani[produccion_tm]))} -> 42730 | D32: {=SUM(IF((Produccion_mani[provincia_nombre]=D$29)*(Produccion_mani[campania]=A32),Produccion_mani[produccion_tm]))} -> 2334 | E32: {=SUM(IF((Produccion_mani[provincia_nombre]=E$29)*(Produccion_mani[campania]=A32),Produccion_mani[produccion_tm]))} -> 4972 | F32: {=SUM(IF((Produccion_mani[provincia_nombre]=F$29)*(Produccion_mani[campania]=A32),Produccion_mani[produccion_tm]))} -> 50 | G32: {=SUM(IF((Produccion_mani[provincia_nombre]=G$29)*(Produccion_mani[campania]=A32),Produccion_mani[produccion_tm]))} -> 0 | H32: {=SUM(IF((Produccion_mani[provincia_nombre]=H$29)*(Produccion_mani[campania]=A32),Produccion_mani[produccion_tm]))} -> 600 | I32: {=SUM(IF((Produccion_mani[provincia_nombre]=I$29)*(Produccion_mani[campania]=A32),Produccion_mani[produccion_tm]))} -> 13421 | J32: {=SUM(IF((Produccion_mani[provincia_nombre]=J$29)*(Produccion_mani[campania]=A32),Produccion_mani[produccion_tm]))} -> 50 | K32: {=SUM(IF((Produccion_mani[provincia_nombre]=K$29)*(Produccion_mani[campania]=A32),Produccion_mani[produccion_tm]))} -> 33 | L32: {=SUM(IF((Produccion_mani[provincia_nombre]=L$29)*(Produccion_mani[campania]=A32),Produccion_mani[produccion_tm]))} -> 20 | M32: {=SUM(IF((Produccion_mani[provincia_nombre]=M$29)*(Produccion_mani[campania]=A32),Produccion_mani[produccion_tm]))} -> 0 | N32: {=SUM(IF((Produccion_mani[provincia_nombre]=N$29)*(Produccion_mani[campania]=A32),Produccion_mani[produccion_tm]))} -> 0 | O32: {=SUM(IF((Produccion_mani[provincia_nombre]=O$29)*(Produccion_mani[campania]=A32),Produccion_mani[produccion_tm]))} -> 0 | P32: {=SUM(IF((Produccion_mani[provincia_nombre]=P$29)*(Produccion_mani[campania]=A32),Produccion_mani[produccion_tm]))} -> 0 | Q32: {=SUM(IF((Produccion_mani[provincia_nombre]=Q$29)*(Produccion_mani[campania]=A32),Produccion_mani[produccion_tm]))} -> 0 | R32: {=SUM(IF((Produccion_mani[provincia_nombre]=R$29)*(Produccion_mani[campania]=A32),Produccion_mani[produccion_tm]))} -> 0 | S32: {=SUM(IF((Produccion_mani[provincia_nombre]=S$29)*(Produccion_mani[campania]=A32),Produccion_mani[produccion_tm]))} -> 0
A33: 1930/1931 | B33: {=SUM(IF((Produccion_mani[provincia_nombre]=B$29)*(Produccion_mani[campania]=A33),Produccion_mani[produccion_tm]))} -> 3570 | C33: {=SUM(IF((Produccion_mani[provincia_nombre]=C$29)*(Produccion_mani[campania]=A33),Produccion_mani[produccion_tm]))} -> 34412 | D33: {=SUM(IF((Produccion_mani[provincia_nombre]=D$29)*(Produccion_mani[campania]=A33),Produccion_mani[produccion_tm]))} -> 2660 | E33: {=SUM(IF((Produccion_mani[provincia_nombre]=E$29)*(Produccion_mani[campania]=A33),Produccion_mani[produccion_tm]))} -> 7169 | F33: {=SUM(IF((Produccion_mani[provincia_nombre]=F$29)*(Produccion_mani[campania]=A33),Produccion_mani[produccion_tm]))} -> 25 | G33: {=SUM(IF((Produccion_mani[provincia_nombre]=G$29)*(Produccion_mani[campania]=A33),Produccion_mani[produccion_tm]))} -> 0 | H33: {=SUM(IF((Produccion_mani[provincia_nombre]=H$29)*(Produccion_mani[campania]=A33),Produccion_mani[produccion_tm]))} -> 860 | I33: {=SUM(IF((Produccion_mani[provincia_nombre]=I$29)*(Produccion_mani[campania]=A33),Produccion_mani[produccion_tm]))} -> 17321 | J33: {=SUM(IF((Produccion_mani[provincia_nombre]=J$29)*(Produccion_mani[campania]=A33),Produccion_mani[produccion_tm]))} -> 36 | K33: {=SUM(IF((Produccion_mani[provincia_nombre]=K$29)*(Produccion_mani[campania]=A33),Produccion_mani[produccion_tm]))} -> 390 | L33: {=SUM(IF((Produccion_mani[provincia_nombre]=L$29)*(Produccion_mani[campania]=A33),Produccion_mani[produccion_tm]))} -> 0 | M33: {=SUM(IF((Produccion_mani[provincia_nombre]=M$29)*(Produccion_mani[campania]=A33),Produccion_mani[produccion_tm]))} -> 0 | N33: {=SUM(IF((Produccion_mani[provincia_nombre]=N$29)*(Produccion_mani[campania]=A33),Produccion_mani[produccion_tm]))} -> 2 | O33: {=SUM(IF((Produccion_mani[provincia_nombre]=O$29)*(Produccion_mani[campania]=A33),Produccion_mani[produccion_tm]))} -> 0 | P33: {=SUM(IF((Produccion_mani[provincia_nombre]=P$29)*(Produccion_mani[campania]=A33),Produccion_mani[produccion_tm]))} -> 0 | Q33: {=SUM(IF((Produccion_mani[provincia_nombre]=Q$29)*(Produccion_mani[campania]=A33),Produccion_mani[produccion_tm]))} -> 0 | R33: {=SUM(IF((Produccion_mani[provincia_nombre]=R$29)*(Produccion_mani[campania]=A33),Produccion_mani[produccion_tm]))} -> 0 | S33: {=SUM(IF((Produccion_mani[provincia_nombre]=S$29)*(Produccion_mani[campania]=A33),Produccion_mani[produccion_tm]))} -> 0
A34: 1931/1932 | B34: {=SUM(IF((Produccion_mani[provincia_nombre]=B$29)*(Produccion_mani[campania]=A34),Produccion_mani[produccion_tm]))} -> 520 | C34: {=SUM(IF((Produccion_mani[provincia_nombre]=C$29)*(Produccion_mani[campania]=A34),Produccion_mani[produccion_tm]))} -> 43615 | D34: {=SUM(IF((Produccion_mani[provincia_nombre]=D$29)*(Produccion_mani[campania]=A34),Produccion_mani[produccion_tm]))} -> 3142 | E34: {=SUM(IF((Produccion_mani[provincia_nombre]=E$29)*(Produccion_mani[campania]=A34),Produccion_mani[produccion_tm]))} -> 3049 | F34: {=SUM(IF((Produccion_mani[provincia_nombre]=F$29)*(Produccion_mani[campania]=A34),Produccion_mani[produccion_tm]))} -> 18 | G34: {=SUM(IF((Produccion_mani[provincia_nombre]=G$29)*(Produccion_mani[campania]=A34),Produccion_mani[produccion_tm]))} -> 0 | H34: {=SUM(IF((Produccion_mani[provincia_nombre]=H$29)*(Produccion_mani[campania]=A34),Produccion_mani[produccion_tm]))} -> 1492 | I34: {=SUM(IF((Produccion_mani[provincia_nombre]=I$29)*(Produccion_mani[campania]=A34),Produccion_mani[produccion_tm]))} -> 5511 | J34: {=SUM(IF((Produccion_mani[provincia_nombre]=J$29)*(Produccion_mani[campania]=A34),Produccion_mani[produccion_tm]))} -> 38 | K34: {=SUM(IF((Produccion_mani[provincia_nombre]=K$29)*(Produccion_mani[campania]=A34),Produccion_mani[produccion_tm]))} -> 1250 | L34: {=SUM(IF((Produccion_mani[provincia_nombre]=L$29)*(Produccion_mani[campania]=A34),Produccion_mani[produccion_tm]))} -> 0 | M34: {=SUM(IF((Produccion_mani[provincia_nombre]=M$29)*(Produccion_mani[campania]=A34),Produccion_mani[produccion_tm]))} -> 0 | N34: {=SUM(IF((Produccion_mani[provincia_nombre]=N$29)*(Produccion_mani[campania]=A34),Produccion_mani[produccion_tm]))} -> 4 | O34: {=SUM(IF((Produccion_mani[provincia_nombre]=O$29)*(Produccion_mani[campania]=A34),Produccion_mani[produccion_tm]))} -> 24 | P34: {=SUM(IF((Produccion_mani[provincia_nombre]=P$29)*(Produccion_mani[campania]=A34),Produccion_mani[produccion_tm]))} -> 0 | Q34: {=SUM(IF((Produccion_mani[provincia_nombre]=Q$29)*(Produccion_mani[campania]=A34),Produccion_mani[produccion_tm]))} -> 0 | R34: {=SUM(IF((Produccion_mani[provincia_nombre]=R$29)*(Produccion_mani[campania]=A34),Produccion_mani[produccion_tm]))} -> 0 | S34: {=SUM(IF((Produccion_mani[provincia_nombre]=S$29)*(Produccion_mani[campania]=A34),Produccion_mani[produccion_tm]))} -> 0
A35: 1932/1933 | B35: {=SUM(IF((Produccion_mani[provincia_nombre]=B$29)*(Produccion_mani[campania]=A35),Produccion_mani[produccion_tm]))} -> 3575 | C35: {=SUM(IF((Produccion_mani[provincia_nombre]=C$29)*(Produccion_mani[campania]=A35),Produccion_mani[produccion_tm]))} -> 44022 | D35: {=SUM(IF((Produccion_mani[provincia_nombre]=D$29)*(Produccion_mani[campania]=A35),Produccion_mani[produccion_tm]))} -> 3936 | E35: {=SUM(IF((Produccion_mani[provincia_nombre]=E$29)*(Produccion_mani[campania]=A35),Produccion_mani[produccion_tm]))} -> 5890 | F35: {=SUM(IF((Produccion_mani[provincia_nombre]=F$29)*(Produccion_mani[campania]=A35),Produccion_mani[produccion_tm]))} -> 19 | G35: {=SUM(IF((Produccion_mani[provincia_nombre]=G$29)*(Produccion_mani[campania]=A35),Produccion_mani[produccion_tm]))} -> 16 | H35: {=SUM(IF((Produccion_mani[provincia_nombre]=H$29)*(Produccion_mani[campania]=A35),Produccion_mani[produccion_tm]))} -> 968 | I35: {=SUM(IF((Produccion_mani[provincia_nombre]=I$29)*(Produccion_mani[campania]=A35),Produccion_mani[produccion_tm]))} -> 17894 | J35: {=SUM(IF((Produccion_mani[provincia_nombre]=J$29)*(Produccion_mani[campania]=A35),Produccion_mani[produccion_tm]))} -> 110 | K35: {=SUM(IF((Produccion_mani[provincia_nombre]=K$29)*(Produccion_mani[campania]=A35),Produccion_mani[produccion_tm]))} -> 1834 | L35: {=SUM(IF((Produccion_mani[provincia_nombre]=L$29)*(Produccion_mani[campania]=A35),Produccion_mani[produccion_tm]))} -> 0 | M35: {=SUM(IF((Produccion_mani[provincia_nombre]=M$29)*(Produccion_mani[campania]=A35),Produccion_mani[produccion_tm]))} -> 2 | N35: {=SUM(IF((Produccion_mani[provincia_nombre]=N$29)*(Produccion_mani[campania]=A35),Produccion_mani[produccion_tm]))} -> 0 | O35: {=SUM(IF((Produccion_mani[provincia_nombre]=O$29)*(Produccion_mani[campania]=A35),Produccion_mani[produccion_tm]))} -> 21 | P35: {=SUM(IF((Produccion_mani[provincia_nombre]=P$29)*(Produccion_mani[campania]=A35),Produccion_mani[produccion_tm]))} -> 0 | Q35: {=SUM(IF((Produccion_mani[provincia_nombre]=Q$29)*(Produccion_mani[campania]=A35),Produccion_mani[produccion_tm]))} -> 0 | R35: {=SUM(IF((Produccion_mani[provincia_nombre]=R$29)*(Produccion_mani[campania]=A35),Produccion_mani[produccion_tm]))} -> 0 | S35: {=SUM(IF((Produccion_mani[provincia_nombre]=S$29)*(Produccion_mani[campania]=A35),Produccion_mani[produccion_tm]))} -> 0
A36: 1933/1934 | B36: {=SUM(IF((Produccion_mani[provincia_nombre]=B$29)*(Produccion_mani[campania]=A36),Produccion_mani[produccion_tm]))} -> 249 | C36: {=SUM(IF((Produccion_mani[provincia_nombre]=C$29)*(Produccion_mani[campania]=A36),Produccion_mani[produccion_tm]))} -> 77325 | D36: {=SUM(IF((Produccion_mani[provincia_nombre]=D$29)*(Produccion_mani[campania]=A36),Produccion_mani[produccion_tm]))} -> 3230 | E36: {=SUM(IF((Produccion_mani[provincia_nombre]=E$29)*(Produccion_mani[campania]=A36),Produccion_mani[produccion_tm]))} -> 8508 | F36: {=SUM(IF((Produccion_mani[provincia_nombre]=F$29)*(Produccion_mani[campania]=A36),Produccion_mani[produccion_tm]))} -> 18 | G36: {=SUM(IF((Produccion_mani[provincia_nombre]=G$29)*(Produccion_mani[campania]=A36),Produccion_mani[produccion_tm]))} -> 4 | H36: {=SUM(IF((Produccion_mani[provincia_nombre]=H$29)*(Produccion_mani[campania]=A36),Produccion_mani[produccion_tm]))} -> 1265 | I36: {=SUM(IF((Produccion_mani[provincia_nombre]=I$29)*(Produccion_mani[campania]=A36),Produccion_mani[produccion_tm]))} -> 9787 | J36: {=SUM(IF((Produccion_mani[provincia_nombre]=J$29)*(Produccion_mani[campania]=A36),Produccion_mani[produccion_tm]))} -> 67 | K36: {=SUM(IF((Produccion_mani[provincia_nombre]=K$29)*(Produccion_mani[campania]=A36),Produccion_mani[produccion_tm]))} -> 3524 | L36: {=SUM(IF((Produccion_mani[provincia_nombre]=L$29)*(Produccion_mani[campania]=A36),Produccion_mani[produccion_tm]))} -> 0 | M36: {=SUM(IF((Produccion_mani[provincia_nombre]=M$29)*(Produccion_mani[campania]=A36),Produccion_mani[produccion_tm]))} -> 54 | N36: {=SUM(IF((Produccion_mani[provincia_nombre]=N$29)*(Produccion_mani[campania]=A36),Produccion_mani[produccion_tm]))} -> 12 | O36: {=SUM(IF((Produccion_mani[provincia_nombre]=O$29)*(Produccion_mani[campania]=A36),Produccion_mani[produccion_tm]))} -> 14 | P36: {=SUM(IF((Produccion_mani[provincia_nombre]=P$29)*(Produccion_mani[campania]=A36),Produccion_mani[produccion_tm]))} -> 0 | Q36: {=SUM(IF((Produccion_mani[provincia_nombre]=Q$29)*(Produccion_mani[campania]=A36),Produccion_mani[produccion_tm]))} -> 0 | R36: {=SUM(IF((Produccion_mani[provincia_nombre]=R$29)*(Produccion_mani[campania]=A36),Produccion_mani[produccion_tm]))} -> 0 | S36: {=SUM(IF((Produccion_mani[provincia_nombre]=S$29)*(Produccion_mani[campania]=A36),Produccion_mani[produccion_tm]))} -> 0
A37: 1934/1935 | B37: {=SUM(IF((Produccion_mani[provincia_nombre]=B$29)*(Produccion_mani[campania]=A37),Produccion_mani[produccion_tm]))} -> 200 | C37: {=SUM(IF((Produccion_mani[provincia_nombre]=C$29)*(Produccion_mani[campania]=A37),Produccion_mani[produccion_tm]))} -> 59254 | D37: {=SUM(IF((Produccion_mani[provincia_nombre]=D$29)*(Produccion_mani[campania]=A37),Produccion_mani[produccion_tm]))} -> 2400 | E37: {=SUM(IF((Produccion_mani[provincia_nombre]=E$29)*(Produccion_mani[campania]=A37),Produccion_mani[produccion_tm]))} -> 14464 | F37: {=SUM(IF((Produccion_mani[provincia_nombre]=F$29)*(Produccion_mani[campania]=A37),Produccion_mani[produccion_tm]))} -> 63 | G37: {=SUM(IF((Produccion_mani[provincia_nombre]=G$29)*(Produccion_mani[campania]=A37),Produccion_mani[produccion_tm]))} -> 0 | H37: {=SUM(IF((Produccion_mani[provincia_nombre]=H$29)*(Produccion_mani[campania]=A37),Produccion_mani[produccion_tm]))} -> 855 | I37: {=SUM(IF((Produccion_mani[provincia_nombre]=I$29)*(Produccion_mani[campania]=A37),Produccion_mani[produccion_tm]))} -> 14175 | J37: {=SUM(IF((Produccion_mani[provincia_nombre]=J$29)*(Produccion_mani[campania]=A37),Produccion_mani[produccion_tm]))} -> 0 | K37: {=SUM(IF((Produccion_mani[provincia_nombre]=K$29)*(Produccion_mani[campania]=A37),Produccion_mani[produccion_tm]))} -> 1200 | L37: {=SUM(IF((Produccion_mani[provincia_nombre]=L$29)*(Produccion_mani[campania]=A37),Produccion_mani[produccion_tm]))} -> 2 | M37: {=SUM(IF((Produccion_mani[provincia_nombre]=M$29)*(Produccion_mani[campania]=A37),Produccion_mani[produccion_tm]))} -> 35 | N37: {=SUM(IF((Produccion_mani[provincia_nombre]=N$29)*(Produccion_mani[campania]=A37),Produccion_mani[produccion_tm]))} -> 12 | O37: {=SUM(IF((Produccion_mani[provincia_nombre]=O$29)*(Produccion_mani[campania]=A37),Produccion_mani[produccion_tm]))} -> 0 | P37: {=SUM(IF((Produccion_mani[provincia_nombre]=P$29)*(Produccion_mani[campania]=A37),Produccion_mani[produccion_tm]))} -> 112 | Q37: {=SUM(IF((Produccion_mani[provincia_nombre]=Q$29)*(Produccion_mani[campania]=A37),Produccion_mani[produccion_tm]))} -> 0 | R37: {=SUM(IF((Produccion_mani[provincia_nombre]=R$29)*(Produccion_mani[campania]=A37),Produccion_mani[produccion_tm]))} -> 0 | S37: {=SUM(IF((Produccion_mani[provincia_nombre]=S$29)*(Produccion_mani[campania]=A37),Produccion_mani[produccion_tm]))} -> 0
A38: 1935/1936 | B38: {=SUM(IF((Produccion_mani[provincia_nombre]=B$29)*(Produccion_mani[campania]=A38),Produccion_mani[produccion_tm]))} -> 290 | C38: {=SUM(IF((Produccion_mani[provincia_nombre]=C$29)*(Produccion_mani[campania]=A38),Produccion_mani[produccion_tm]))} -> 89370 | D38: {=SUM(IF((Produccion_mani[provincia_nombre]=D$29)*(Produccion_mani[campania]=A38),Produccion_mani[produccion_tm]))} -> 1566 | E38: {=SUM(IF((Produccion_mani[provincia_nombre]=E$29)*(Produccion_mani[campania]=A38),Produccion_mani[produccion_tm]))} -> 2841 | F38: {=SUM(IF((Produccion_mani[provincia_nombre]=F$29)*(Produccion_mani[campania]=A38),Produccion_mani[produccion_tm]))} -> 23 | G38: {=SUM(IF((Produccion_mani[provincia_nombre]=G$29)*(Produccion_mani[campania]=A38),Produccion_mani[produccion_tm]))} -> 3 | H38: {=SUM(IF((Produccion_mani[provincia_nombre]=H$29)*(Produccion_mani[campania]=A38),Produccion_mani[produccion_tm]))} -> 1200 | I38: {=SUM(IF((Produccion_mani[provincia_nombre]=I$29)*(Produccion_mani[campania]=A38),Produccion_mani[produccion_tm]))} -> 15736 | J38: {=SUM(IF((Produccion_mani[provincia_nombre]=J$29)*(Produccion_mani[campania]=A38),Produccion_mani[produccion_tm]))} -> 13 | K38: {=SUM(IF((Produccion_mani[provincia_nombre]=K$29)*(Produccion_mani[campania]=A38),Produccion_mani[produccion_tm]))} -> 2227 | L38: {=SUM(IF((Produccion_mani[provincia_nombre]=L$29)*(Produccion_mani[campania]=A38),Produccion_mani[produccion_tm]))} -> 4 | M38: {=SUM(IF((Produccion_mani[provincia_nombre]=M$29)*(Produccion_mani[campania]=A38),Produccion_mani[produccion_tm]))} -> 45 | N38: {=SUM(IF((Produccion_mani[provincia_nombre]=N$29)*(Produccion_mani[campania]=A38),Produccion_mani[produccion_tm]))} -> 6 | O38: {=SUM(IF((Produccion_mani[provincia_nombre]=O$29)*(Produccion_mani[campania]=A38),Produccion_mani[produccion_tm]))} -> 0 | P38: {=SUM(IF((Produccion_mani[provincia_nombre]=P$29)*(Produccion_mani[campania]=A38),Produccion_mani[produccion_tm]))} -> 184 | Q38: {=SUM(IF((Produccion_mani[provincia_nombre]=Q$29)*(Produccion_mani[campania]=A38),Produccion_mani[produccion_tm]))} -> 0 | R38: {=SUM(IF((Produccion_mani[provincia_nombre]=R$29)*(Produccion_mani[campania]=A38),Produccion_mani[produccion_tm]))} -> 0 | S38: {=SUM(IF((Produccion_mani[provincia_nombre]=S$29)*(Produccion_mani[campania]=A38),Produccion_mani[produccion_tm]))} -> 0
A39: 1936/1937 | B39: {=SUM(IF((Produccion_mani[provincia_nombre]=B$29)*(Produccion_mani[campania]=A39),Produccion_mani[produccion_tm]))} -> 69 | C39: {=SUM(IF((Produccion_mani[provincia_nombre]=C$29)*(Produccion_mani[campania]=A39),Produccion_mani[produccion_tm]))} -> 57965 | D39: {=SUM(IF((Produccion_mani[provincia_nombre]=D$29)*(Produccion_mani[campania]=A39),Produccion_mani[produccion_tm]))} -> 1494 | E39: {=SUM(IF((Produccion_mani[provincia_nombre]=E$29)*(Produccion_mani[campania]=A39),Produccion_mani[produccion_tm]))} -> 4174 | F39: {=SUM(IF((Produccion_mani[provincia_nombre]=F$29)*(Produccion_mani[campania]=A39),Produccion_mani[produccion_tm]))} -> 39 | G39: {=SUM(IF((Produccion_mani[provincia_nombre]=G$29)*(Produccion_mani[campania]=A39),Produccion_mani[produccion_tm]))} -> 5 | H39: {=SUM(IF((Produccion_mani[provincia_nombre]=H$29)*(Produccion_mani[campania]=A39),Produccion_mani[produccion_tm]))} -> 306 | I39: {=SUM(IF((Produccion_mani[provincia_nombre]=I$29)*(Produccion_mani[campania]=A39),Produccion_mani[produccion_tm]))} -> 14456 | J39: {=SUM(IF((Produccion_mani[provincia_nombre]=J$29)*(Produccion_mani[campania]=A39),Produccion_mani[produccion_tm]))} -> 6 | K39: {=SUM(IF((Produccion_mani[provincia_nombre]=K$29)*(Produccion_mani[campania]=A39),Produccion_mani[produccion_tm]))} -> 486 | L39: {=SUM(IF((Produccion_mani[provincia_nombre]=L$29)*(Produccion_mani[campania]=A39),Produccion_mani[produccion_tm]))} -> 0 | M39: {=SUM(IF((Produccion_mani[provincia_nombre]=M$29)*(Produccion_mani[campania]=A39),Produccion_mani[produccion_tm]))} -> 149 | N39: {=SUM(IF((Produccion_mani[provincia_nombre]=N$29)*(Produccion_mani[campania]=A39),Produccion_mani[produccion_tm]))} -> 0 | O39: {=SUM(IF((Produccion_mani[provincia_nombre]=O$29)*(Produccion_mani[campania]=A39),Produccion_mani[produccion_tm]))} -> 86 | P39: {=SUM(IF((Produccion_mani[provincia_nombre]=P$29)*(Produccion_mani[campania]=A39),Produccion_mani[produccion_tm]))} -> 30 | Q39: {=SUM(IF((Produccion_mani[provincia_nombre]=Q$29)*(Produccion_mani[campania]=A39),Produccion_mani[produccion_tm]))} -> 81 | R39: {=SUM(IF((Produccion_mani[provincia_nombre]=R$29)*(Produccion_mani[campania]=A39),Produccion_mani[produccion_tm]))} -> 0 | S39: {=SUM(IF((Produccion_mani[provincia_nombre]=S$29)*(Produccion_mani[campania]=A39),Produccion_mani[produccion_tm]))} -> 0
A40: 1937/1938 | B40: {=SUM(IF((Produccion_mani[provincia_nombre]=B$29)*(Produccion_mani[campania]=A40),Produccion_mani[produccion_tm]))} -> 0 | C40: {=SUM(IF((Produccion_mani[provincia_nombre]=C$29)*(Produccion_mani[campania]=A40),Produccion_mani[produccion_tm]))} -> 42326 | D40: {=SUM(IF((Produccion_mani[provincia_nombre]=D$29)*(Produccion_mani[campania]=A40),Produccion_mani[produccion_tm]))} -> 2351 | E40: {=SUM(IF((Produccion_mani[provincia_nombre]=E$29)*(Produccion_mani[campania]=A40),Produccion_mani[produccion_tm]))} -> 8630 | F40: {=SUM(IF((Produccion_mani[provincia_nombre]=F$29)*(Produccion_mani[campania]=A40),Produccion_mani[produccion_tm]))} -> 0 | G40: {=SUM(IF((Produccion_mani[provincia_nombre]=G$29)*(Produccion_mani[campania]=A40),Produccion_mani[produccion_tm]))} -> 0 | H40: {=SUM(IF((Produccion_mani[provincia_nombre]=H$29)*(Produccion_mani[campania]=A40),Produccion_mani[produccion_tm]))} -> 40 | I40: {=SUM(IF((Produccion_mani[provincia_nombre]=I$29)*(Produccion_mani[campania]=A40),Produccion_mani[produccion_tm]))} -> 14663 | J40: {=SUM(IF((Produccion_mani[provincia_nombre]=J$29)*(Produccion_mani[campania]=A40),Produccion_mani[produccion_tm]))} -> 0 | K40: {=SUM(IF((Produccion_mani[provincia_nombre]=K$29)*(Produccion_mani[campania]=A40),Produccion_mani[produccion_tm]))} -> 1272 | L40: {=SUM(IF((Produccion_mani[provincia_nombre]=L$29)*(Produccion_mani[campania]=A40),Produccion_mani[produccion_tm]))} -> 0 | M40: {=SUM(IF((Produccion_mani[provincia_nombre]=M$29)*(Produccion_mani[campania]=A40),Produccion_mani[produccion_tm]))} -> 0 | N40: {=SUM(IF((Produccion_mani[provincia_nombre]=N$29)*(Produccion_mani[campania]=A40),Produccion_mani[produccion_tm]))} -> 0 | O40: {=SUM(IF((Produccion_mani[provincia_nombre]=O$29)*(Produccion_mani[campania]=A40),Produccion_mani[produccion_tm]))} -> 16 | P40: {=SUM(IF((Produccion_mani[provincia_nombre]=P$29)*(Produccion_mani[campania]=A40),Produccion_mani[produccion_tm]))} -> 19 | Q40: {=SUM(IF((Produccion_mani[provincia_nombre]=Q$29)*(Produccion_mani[campania]=A40),Produccion_mani[produccion_tm]))} -> 0 | R40: {=SUM(IF((Produccion_mani[provincia_nombre]=R$29)*(Produccion_mani[campania]=A40),Produccion_mani[produccion_tm]))} -> 0 | S40: {=SUM(IF((Produccion_mani[provincia_nombre]=S$29)*(Produccion_mani[campania]=A40),Produccion_mani[produccion_tm]))} -> 0
A41: 1938/1939 | B41: {=SUM(IF((Produccion_mani[provincia_nombre]=B$29)*(Produccion_mani[campania]=A41),Produccion_mani[produccion_tm]))} -> 0 | C41: {=SUM(IF((Produccion_mani[provincia_nombre]=C$29)*(Produccion_mani[campania]=A41),Produccion_mani[produccion_tm]))} -> 15641 | D41: {=SUM(IF((Produccion_mani[provincia_nombre]=D$29)*(Produccion_mani[campania]=A41),Produccion_mani[produccion_tm]))} -> 0 | E41: {=SUM(IF((Produccion_mani[provincia_nombre]=E$29)*(Produccion_mani[campania]=A41),Produccion_mani[produccion_tm]))} -> 9963 | F41: {=SUM(IF((Produccion_mani[provincia_nombre]=F$29)*(Produccion_mani[campania]=A41),Produccion_mani[produccion_tm]))} -> 0 | G41: {=SUM(IF((Produccion_mani[provincia_nombre]=G$29)*(Produccion_mani[campania]=A41),Produccion_mani[produccion_tm]))} -> 0 | H41: {=SUM(IF((Produccion_mani[provincia_nombre]=H$29)*(Produccion_mani[campania]=A41),Produccion_mani[produccion_tm]))} -> 309 | I41: {=SUM(IF((Produccion_mani[provincia_nombre]=I$29)*(Produccion_mani[campania]=A41),Produccion_mani[produccion_tm]))} -> 12768 | J41: {=SUM(IF((Produccion_mani[provincia_nombre]=J$29)*(Produccion_mani[campania]=A41),Produccion_mani[produccion_tm]))} -> 0 | K41: {=SUM(IF((Produccion_mani[provincia_nombre]=K$29)*(Produccion_mani[campania]=A41),Produccion_mani[produccion_tm]))} -> 2141 | L41: {=SUM(IF((Produccion_mani[provincia_nombre]=L$29)*(Produccion_mani[campania]=A41),Produccion_mani[produccion_tm]))} -> 0 | M41: {=SUM(IF((Produccion_mani[provincia_nombre]=M$29)*(Produccion_mani[campania]=A41),Produccion_mani[produccion_tm]))} -> 0 | N41: {=SUM(IF((Produccion_mani[provincia_nombre]=N$29)*(Produccion_mani[campania]=A41),Produccion_mani[produccion_tm]))} -> 0 | O41: {=SUM(IF((Produccion_mani[provincia_nombre]=O$29)*(Produccion_mani[campania]=A41),Produccion_mani[produccion_tm]))} -> 0 | P41: {=SUM(IF((Produccion_mani[provincia_nombre]=P$29)*(Produccion_mani[campania]=A41),Produccion_mani[produccion_tm]))} -> 0 | Q41: {=SUM(IF((Produccion_mani[provincia_nombre]=Q$29)*(Produccion_mani[campania]=A41),Produccion_mani[produccion_tm]))} -> 0 | R41: {=SUM(IF((Produccion_mani[provincia_nombre]=R$29)*(Produccion_mani[campania]=A41),Produccion_mani[produccion_tm]))} -> 0 | S41: {=SUM(IF((Produccion_mani[provincia_nombre]=S$29)*(Produccion_mani[campania]=A41),Produccion_mani[produccion_tm]))} -> 0
A42: 1939/1940 | B42: {=SUM(IF((Produccion_mani[provincia_nombre]=B$29)*(Produccion_mani[campania]=A42),Produccion_mani[produccion_tm]))} -> 0 | C42: {=SUM(IF((Produccion_mani[provincia_nombre]=C$29)*(Produccion_mani[campania]=A42),Produccion_mani[produccion_tm]))} -> 53695 | D42: {=SUM(IF((Produccion_mani[provincia_nombre]=D$29)*(Produccion_mani[campania]=A42),Produccion_mani[produccion_tm]))} -> 740 | E42: {=SUM(IF((Produccion_mani[provincia_nombre]=E$29)*(Produccion_mani[campania]=A42),Produccion_mani[produccion_tm]))} -> 12360 | F42: {=SUM(IF((Produccion_mani[provincia_nombre]=F$29)*(Produccion_mani[campania]=A42),Produccion_mani[produccion_tm]))} -> 104 | G42: {=SUM(IF((Produccion_mani[provincia_nombre]=G$29)*(Produccion_mani[campania]=A42),Produccion_mani[produccion_tm]))} -> 0 | H42: {=SUM(IF((Produccion_mani[provincia_nombre]=H$29)*(Produccion_mani[campania]=A42),Produccion_mani[produccion_tm]))} -> 36 | I42: {=SUM(IF((Produccion_mani[provincia_nombre]=I$29)*(Produccion_mani[campania]=A42),Produccion_mani[produccion_tm]))} -> 14660 | J42: {=SUM(IF((Produccion_mani[provincia_nombre]=J$29)*(Produccion_mani[campania]=A42),Produccion_mani[produccion_tm]))} -> 130 | K42: {=SUM(IF((Produccion_mani[provincia_nombre]=K$29)*(Produccion_mani[campania]=A42),Produccion_mani[produccion_tm]))} -> 2200 | L42: {=SUM(IF((Produccion_mani[provincia_nombre]=L$29)*(Produccion_mani[campania]=A42),Produccion_mani[produccion_tm]))} -> 0 | M42: {=SUM(IF((Produccion_mani[provincia_nombre]=M$29)*(Produccion_mani[campania]=A42),Produccion_mani[produccion_tm]))} -> 474 | N42: {=SUM(IF((Produccion_mani[provincia_nombre]=N$29)*(Produccion_mani[campania]=A42),Produccion_mani[produccion_tm]))} -> 0 | O42: {=SUM(IF((Produccion_mani[provincia_nombre]=O$29)*(Produccion_mani[campania]=A42),Produccion_mani[produccion_tm]))} -> 0 | P42: {=SUM(IF((Produccion_mani[provincia_nombre]=P$29)*(Produccion_mani[campania]=A42),Produccion_mani[produccion_tm]))} -> 0 | Q42: {=SUM(IF((Produccion_mani[provincia_nombre]=Q$29)*(Produccion_mani[campania]=A42),Produccion_mani[produccion_tm]))} -> 0 | R42: {=SUM(IF((Produccion_mani[provincia_nombre]=R$29)*(Produccion_mani[campania]=A42),Produccion_mani[produccion_tm]))} -> 0 | S42: {=SUM(IF((Produccion_mani[provincia_nombre]=S$29)*(Produccion_mani[campania]=A42),Produccion_mani[produccion_tm]))} -> 0
... A127: 2024/2025 | B127: {=SUM(IF((Produccion_mani[provincia_nombre]=B$29)*(Produccion_mani[campania]=A127),Produccion_mani[produccion_tm]))} -> 0 | C127: {=SUM(IF((Produccion_mani[provincia_nombre]=C$29)*(Produccion_mani[campania]=A127),Produccion_mani[produccion_tm]))} -> 1268363 | D127: {=SUM(IF((Produccion_mani[provincia_nombre]=D$29)*(Produccion_mani[campania]=A127),Produccion_mani[produccion_tm]))} -> 0 | E127: {=SUM(IF((Produccion_mani[provincia_nombre]=E$29)*(Produccion_mani[campania]=A127),Produccion_mani[produccion_tm]))} -> 0 | F127: {=SUM(IF((Produccion_mani[provincia_nombre]=F$29)*(Produccion_mani[campania]=A127),Produccion_mani[produccion_tm]))} -> 0 | G127: {=SUM(IF((Produccion_mani[provincia_nombre]=G$29)*(Produccion_mani[campania]=A127),Produccion_mani[produccion_tm]))} -> 520 | H127: {=SUM(IF((Produccion_mani[provincia_nombre]=H$29)*(Produccion_mani[campania]=A127),Produccion_mani[produccion_tm]))} -> 0 | I127: {=SUM(IF((Produccion_mani[provincia_nombre]=I$29)*(Produccion_mani[campania]=A127),Produccion_mani[produccion_tm]))} -> 51170 | J127: {=SUM(IF((Produccion_mani[provincia_nombre]=J$29)*(Produccion_mani[campania]=A127),Produccion_mani[produccion_tm]))} -> 627 | K127: {=SUM(IF((Produccion_mani[provincia_nombre]=K$29)*(Produccion_mani[campania]=A127),Produccion_mani[produccion_tm]))} -> 3899 | L127: {=SUM(IF((Produccion_mani[provincia_nombre]=L$29)*(Produccion_mani[campania]=A127),Produccion_mani[produccion_tm]))} -> 2280 | M127: {=SUM(IF((Produccion_mani[provincia_nombre]=M$29)*(Produccion_mani[campania]=A127),Produccion_mani[produccion_tm]))} -> 2593 | N127: {=SUM(IF((Produccion_mani[provincia_nombre]=N$29)*(Produccion_mani[campania]=A127),Produccion_mani[produccion_tm]))} -> 0 | O127: {=SUM(IF((Produccion_mani[provincia_nombre]=O$29)*(Produccion_mani[campania]=A127),Produccion_mani[produccion_tm]))} -> 36338 | P127: {=SUM(IF((Produccion_mani[provincia_nombre]=P$29)*(Produccion_mani[campania]=A127),Produccion_mani[produccion_tm]))} -> 0 | Q127: {=SUM(IF((Produccion_mani[provincia_nombre]=Q$29)*(Produccion_mani[campania]=A127),Produccion_mani[produccion_tm]))} -> 315761 | R127: {=SUM(IF((Produccion_mani[provincia_nombre]=R$29)*(Produccion_mani[campania]=A127),Produccion_mani[produccion_tm]))} -> 127986 | S127: {=SUM(IF((Produccion_mani[provincia_nombre]=S$29)*(Produccion_mani[campania]=A127),Produccion_mani[produccion_tm]))} -> 0
A128: MAXIMO | B128: =MAX(B30:B127) -> 3775 | C128: =MAX(C30:C127) -> 1268363 | D128: =MAX(D30:D127) -> 5475 | E128: =MAX(E30:E127) -> 14464 | F128: =MAX(F30:F127) -> 3295 | G128: =MAX(G30:G127) -> 1600 | H128: =MAX(H30:H127) -> 1492 | I128: =MAX(I30:I127) -> 51170 | ... S128: =MAX(S30:S127) -> 0
A129: CAMPAÑA | B129: {=_xlfn.TAKE((_xlfn._xlws.FILTER(_xlfn.ANCHORARRAY($A30),B$30:B$127=B128)),1)} -> 1927/1928 | C129: {=_xlfn.TAKE((_xlfn._xlws.FILTER(_xlfn.ANCHORARRAY($A30),C$30:C$127=C128)),1)} -> 2024/2025 | D129: {=_xlfn.TAKE((_xlfn._xlws.FILTER(_xlfn.ANCHORARRAY($A30),D$30:D$127=D128)),1)} -> 1946/1947 | E129: {=_xlfn.TAKE((_xlfn._xlws.FILTER(_xlfn.ANCHORARRAY($A30),E$30:E$127=E128)),1)} -> 1934/1935 | F129: {=_xlfn.TAKE((_xlfn._xlws.FILTER(_xlfn.ANCHORARRAY($A30),F$30:F$127=F128)),1)} -> 2006/2007 | G129: {=_xlfn.TAKE((_xlfn._xlws.FILTER(_xlfn.ANCHORARRAY($A30),G$30:G$127=G128)),1)} -> 2004/2005 | H129: {=_xlfn.TAKE((_xlfn._xlws.FILTER(_xlfn.ANCHORARRAY($A30),H$30:H$127=H128)),1)} -> 1931/1932 | I129: {=_xlfn.TAKE((_xlfn._xlws.FILTER(_xlfn.ANCHORARRAY($A30),I$30:I$127=I128)),1)} -> 2024/2025 | ... S129: {=_xlfn.TAKE((_xlfn._xlws.FILTER(_xlfn.ANCHORARRAY($A30),S$30:S$127=S128)),1)} -> 1927/1928
A132: Chaco | B132: Córdoba | C132: Corrientes | D132: Entre Ríos | E132: Formosa | F132: Jujuy | G132: Misiones | H132: Santa Fe | I132: Santiago del Estero | J132: Tucumán | K132: Catamarca | L132: Salta | M132: San Juan | N132: San Luis | O132: Mendoza | P132: Buenos Aires | Q132: La Pampa | R132: La Rioja
A133: 3775 | B133: 1268363 | C133: 5475 | D133: 14464 | E133: 3295 | F133: 1600 | G133: 1492 | H133: 51170 | I133: 738 | J133: 6900 | K133: 2530 | L133: 23400 | M133: 12 | N133: 72150 | O133: 184 | P133: 315761 | Q133: 127986 | R133: 0
A134: 1927/1928 | B134: 2024/2025 | C134: 1946/1947 | D134: 1934/1935 | E134: 2006/2007 | F134: 2004/2005 | G134: 1931/1932 | H134: 2024/2025 | I134: 2023/2024 | J134: 1970/1971 | K134: 2021/2022 | L134: 1990/1991 | M134: 1933/1934 | N134: 2016/2017 | O134: 1935/1936 | P134: 2024/2025 | Q134: 2024/2025 | R134: 1927/1928
A136: PROVINCIA | B136: MEJOR CAMPAÑA DE HA SEMBRADAS | C136: CANT | D136: {=_xlfn.UNIQUE(Produccion_mani[provincia_nombre])} -> Chaco | E136: {=_xlfn.TAKE(_xlfn._xlws.SORT(_xlfn.HSTACK(_xlfn.UNIQUE(Produccion_mani[campania]), SUMIFS(Produccion_mani[[superficie_cosechada_ha]:[superficie_cosechada_ha]], Produccion_mani[[provincia_nombre]:[provincia_nombre]], A137, Produccion_mani[[campania]:[campania]], _xlfn.UNIQUE(Produccion_mani[campania]))), 2, -1), 1)} -> 1927/1928 | F136: 5034
A137: {=_xlfn.UNIQUE(Produccion_mani[provincia_nombre])} -> Chaco | B137: {=_xlfn.TAKE(_xlfn._xlws.SORT(_xlfn.HSTACK(_xlfn.UNIQUE(Produccion_mani[campania]), SUMIFS(Produccion_mani[[superficie_sembrada_ha]:[superficie_sembrada_ha]], Produccion_mani[[provincia_nombre]:[provincia_nombre]], A137, Produccion_mani[[campania]:[campania]], _xlfn.UNIQUE(Produccion_mani[campania]))), 2, -1), 1)} -> 1927/1928 | C137: 5034 | D137: Córdoba | E137: {=_xlfn.TAKE(_xlfn._xlws.SORT(_xlfn.HSTACK(_xlfn.UNIQUE(Produccion_mani[campania]), SUMIFS(Produccion_mani[[superficie_cosechada_ha]:[superficie_cosechada_ha]], Produccion_mani[[provincia_nombre]:[provincia_nombre]], A138, Produccion_mani[[campania]:[campania]], _xlfn.UNIQUE(Produccion_mani[campania]))), 2, -1), 1)} -> 1977/1978 | F137: 425600 | G137: {=_xlfn._xlws.SORT(A137:C154,3,-1)} -> Córdoba | H137: 1977/1978 | I137: 449500 | K137: {=_xlfn._xlws.SORT(D136:F153,3,-1)} -> Córdoba | L137: 1977/1978 | M137: 425600
A138: Córdoba | B138: {=_xlfn.TAKE(_xlfn._xlws.SORT(_xlfn.HSTACK(_xlfn.UNIQUE(Produccion_mani[campania]), SUMIFS(Produccion_mani[[superficie_sembrada_ha]:[superficie_sembrada_ha]], Produccion_mani[[provincia_nombre]:[provincia_nombre]], A138, Produccion_mani[[campania]:[campania]], _xlfn.UNIQUE(Produccion_mani[campania]))), 2, -1), 1)} -> 1977/1978 | C138: 449500 | D138: Corrientes | E138: {=_xlfn.TAKE(_xlfn._xlws.SORT(_xlfn.HSTACK(_xlfn.UNIQUE(Produccion_mani[campania]), SUMIFS(Produccion_mani[[superficie_cosechada_ha]:[superficie_cosechada_ha]], Produccion_mani[[provincia_nombre]:[provincia_nombre]], A139, Produccion_mani[[campania]:[campania]], _xlfn.UNIQUE(Produccion_mani[campania]))), 2, -1), 1)} -> 1931/1932 | F138: 4135 | G138: Buenos Aires | H138: 2024/2025 | I138: 84979 | K138: Buenos Aires | L138: 2024/2025 | M138: 84799
A139: Corrientes | B139: {=_xlfn.TAKE(_xlfn._xlws.SORT(_xlfn.HSTACK(_xlfn.UNIQUE(Produccion_mani[campania]), SUMIFS(Produccion_mani[[superficie_sembrada_ha]:[superficie_sembrada_ha]], Produccion_mani[[provincia_nombre]:[provincia_nombre]], A139, Produccion_mani[[campania]:[campania]], _xlfn.UNIQUE(Produccion_mani[campania]))), 2, -1), 1)} -> 1942/1943 | C139: 4500 | D139: Entre Ríos | E139: {=_xlfn.TAKE(_xlfn._xlws.SORT(_xlfn.HSTACK(_xlfn.UNIQUE(Produccion_mani[campania]), SUMIFS(Produccion_mani[[superficie_cosechada_ha]:[superficie_cosechada_ha]], Produccion_mani[[provincia_nombre]:[provincia_nombre]], A140, Produccion_mani[[campania]:[campania]], _xlfn.UNIQUE(Produccion_mani[campania]))), 2, -1), 1)} -> 1928/1929 | F139: 11020 | G139: La Pampa | H139: 2010/2011 | I139: 44400 | K139: La Pampa | L139: 2010/2011 | M139: 44400
A140: Entre Ríos | B140: {=_xlfn.TAKE(_xlfn._xlws.SORT(_xlfn.HSTACK(_xlfn.UNIQUE(Produccion_mani[campania]), SUMIFS(Produccion_mani[[superficie_sembrada_ha]:[superficie_sembrada_ha]], Produccion_mani[[provincia_nombre]:[provincia_nombre]], A140, Produccion_mani[[campania]:[campania]], _xlfn.UNIQUE(Produccion_mani[campania]))), 2, -1), 1)} -> 1937/1938 | C140: 12000 | D140: Formosa | E140: {=_xlfn.TAKE(_xlfn._xlws.SORT(_xlfn.HSTACK(_xlfn.UNIQUE(Produccion_mani[campania]), SUMIFS(Produccion_mani[[superficie_cosechada_ha]:[superficie_cosechada_ha]], Produccion_mani[[provincia_nombre]:[provincia_nombre]], A141, Produccion_mani[[campania]:[campania]], _xlfn.UNIQUE(Produccion_mani[campania]))), 2, -1), 1)} -> 2006/2007 | F140: 1901 | G140: San Luis | H140: 2017/2018 | I140: 28250 | K140: San Luis | L140: 2017/2018 | M140: 28250
A141: Formosa | B141: {=_xlfn.TAKE(_xlfn._xlws.SORT(_xlfn.HSTACK(_xlfn.UNIQUE(Produccion_mani[campania]), SUMIFS(Produccion_mani[[superficie_sembrada_ha]:[superficie_sembrada_ha]], Produccion_mani[[provincia_nombre]:[provincia_nombre]], A141, Produccion_mani[[campania]:[campania]], _xlfn.UNIQUE(Produccion_mani[campania]))), 2, -1), 1)} -> 2006/2007 | C141: 1901 | D141: Jujuy | E141: {=_xlfn.TAKE(_xlfn._xlws.SORT(_xlfn.HSTACK(_xlfn.UNIQUE(Produccion_mani[campania]), SUMIFS(Produccion_mani[[superficie_cosechada_ha]:[superficie_cosechada_ha]], Produccion_mani[[provincia_nombre]:[provincia_nombre]], A142, Produccion_mani[[campania]:[campania]], _xlfn.UNIQUE(Produccion_mani[campania]))), 2, -1), 1)} -> 2004/2005 | F141: 1000 | G141: Santa Fe | H141: 1932/1933 | I141: 20620 | K141: Santa Fe | L141: 2024/2025 | M141: 18275
A142: Jujuy | B142: {=_xlfn.TAKE(_xlfn._xlws.SORT(_xlfn.HSTACK(_xlfn.UNIQUE(Produccion_mani[campania]), SUMIFS(Produccion_mani[[superficie_sembrada_ha]:[superficie_sembrada_ha]], Produccion_mani[[provincia_nombre]:[provincia_nombre]], A142, Produccion_mani[[campania]:[campania]], _xlfn.UNIQUE(Produccion_mani[campania]))), 2, -1), 1)} -> 2004/2005 | C142: 1000 | D142: Misiones | E142: {=_xlfn.TAKE(_xlfn._xlws.SORT(_xlfn.HSTACK(_xlfn.UNIQUE(Produccion_mani[campania]), SUMIFS(Produccion_mani[[superficie_cosechada_ha]:[superficie_cosechada_ha]], Produccion_mani[[provincia_nombre]:[provincia_nombre]], A143, Produccion_mani[[campania]:[campania]], _xlfn.UNIQUE(Produccion_mani[campania]))), 2, -1), 1)} -> 1942/1943 | F142: 1567 | G142: Entre Ríos | H142: 1937/1938 | I142: 12000 | K142: Entre Ríos | L142: 1928/1929 | M142: 11020
A143: Misiones | B143: {=_xlfn.TAKE(_xlfn._xlws.SORT(_xlfn.HSTACK(_xlfn.UNIQUE(Produccion_mani[campania]), SUMIFS(Produccion_mani[[superficie_sembrada_ha]:[superficie_sembrada_ha]], Produccion_mani[[provincia_nombre]:[provincia_nombre]], A143, Produccion_mani[[campania]:[campania]], _xlfn.UNIQUE(Produccion_mani[campania]))), 2, -1), 1)} -> 1942/1943 | C143: 1605 | D143: Santa Fe | E143: {=_xlfn.TAKE(_xlfn._xlws.SORT(_xlfn.HSTACK(_xlfn.UNIQUE(Produccion_mani[campania]), SUMIFS(Produccion_mani[[superficie_cosechada_ha]:[superficie_cosechada_ha]], Produccion_mani[[provincia_nombre]:[provincia_nombre]], A144, Produccion_mani[[campania]:[campania]], _xlfn.UNIQUE(Produccion_mani[campania]))), 2, -1), 1)} -> 2024/2025 | F143: 18275 | G143: Salta | H143: 1990/1991 | I143: 9500 | K143: Salta | L143: 1990/1991 | M143: 9500
A144: Santa Fe | B144: {=_xlfn.TAKE(_xlfn._xlws.SORT(_xlfn.HSTACK(_xlfn.UNIQUE(Produccion_mani[campania]), SUMIFS(Produccion_mani[[superficie_sembrada_ha]:[superficie_sembrada_ha]], Produccion_mani[[provincia_nombre]:[provincia_nombre]], A144, Produccion_mani[[campania]:[campania]], _xlfn.UNIQUE(Produccion_mani[campania]))), 2, -1), 1)} -> 1932/1933 | C144: 20620 | D144: Santiago del Estero | E144: {=_xlfn.TAKE(_xlfn._xlws.SORT(_xlfn.HSTACK(_xlfn.UNIQUE(Produccion_mani[campania]), SUMIFS(Produccion_mani[[superficie_cosechada_ha]:[superficie_cosechada_ha]], Produccion_mani[[provincia_nombre]:[provincia_nombre]], A145, Produccion_mani[[campania]:[campania]], _xlfn.UNIQUE(Produccion_mani[campania]))), 2, -1), 1)} -> 1943/1944 | F144: 438 | G144: Tucumán | H144: 1970/1971 | I144: 7300 | K144: Tucumán | L144: 1970/1971 | M144: 6900
A145: Santiago del Estero | B145: {=_xlfn.TAKE(_xlfn._xlws.SORT(_xlfn.HSTACK(_xlfn.UNIQUE(Produccion_mani[campania]), SUMIFS(Produccion_mani[[superficie_sembrada_ha]:[superficie_sembrada_ha]], Produccion_mani[[provincia_nombre]:[provincia_nombre]], A145, Produccion_mani[[campania]:[campania]], _xlfn.UNIQUE(Produccion_mani[campania]))), 2, -1), 1)} -> 1943/1944 | C145: 521 | D145: Tucumán | E145: {=_xlfn.TAKE(_xlfn._xlws.SORT(_xlfn.HSTACK(_xlfn.UNIQUE(Produccion_mani[campania]), SUMIFS(Produccion_mani[[superficie_cosechada_ha]:[superficie_cosechada_ha]], Produccion_mani[[provincia_nombre]:[provincia_nombre]], A146, Produccion_mani[[campania]:[campania]], _xlfn.UNIQUE(Produccion_mani[campania]))), 2, -1), 1)} -> 1970/1971 | F145: 6900 | G145: Chaco | H145: 1927/1928 | I145: 5034 | K145: Chaco | L145: 1927/1928 | M145: 5034
A146: Tucumán | B146: {=_xlfn.TAKE(_xlfn._xlws.SORT(_xlfn.HSTACK(_xlfn.UNIQUE(Produccion_mani[campania]), SUMIFS(Produccion_mani[[superficie_sembrada_ha]:[superficie_sembrada_ha]], Produccion_mani[[provincia_nombre]:[provincia_nombre]], A146, Produccion_mani[[campania]:[campania]], _xlfn.UNIQUE(Produccion_mani[campania]))), 2, -1), 1)} -> 1970/1971 | C146: 7300 | D146: Catamarca | E146: {=_xlfn.TAKE(_xlfn._xlws.SORT(_xlfn.HSTACK(_xlfn.UNIQUE(Produccion_mani[campania]), SUMIFS(Produccion_mani[[superficie_cosechada_ha]:[superficie_cosechada_ha]], Produccion_mani[[provincia_nombre]:[provincia_nombre]], A147, Produccion_mani[[campania]:[campania]], _xlfn.UNIQUE(Produccion_mani[campania]))), 2, -1), 1)} -> 2019/2020 | F146: 2090 | G146: Corrientes | H146: 1942/1943 | I146: 4500 | K146: Corrientes | L146: 1931/1932 | M146: 4135
A147: Catamarca | B147: {=_xlfn.TAKE(_xlfn._xlws.SORT(_xlfn.HSTACK(_xlfn.UNIQUE(Produccion_mani[campania]), SUMIFS(Produccion_mani[[superficie_sembrada_ha]:[superficie_sembrada_ha]], Produccion_mani[[provincia_nombre]:[provincia_nombre]], A147, Produccion_mani[[campania]:[campania]], _xlfn.UNIQUE(Produccion_mani[campania]))), 2, -1), 1)} -> 2019/2020 | C147: 2200 | D147: Salta | E147: {=_xlfn.TAKE(_xlfn._xlws.SORT(_xlfn.HSTACK(_xlfn.UNIQUE(Produccion_mani[campania]), SUMIFS(Produccion_mani[[superficie_cosechada_ha]:[superficie_cosechada_ha]], Produccion_mani[[provincia_nombre]:[provincia_nombre]], A148, Produccion_mani[[campania]:[campania]], _xlfn.UNIQUE(Produccion_mani[campania]))), 2, -1), 1)} -> 1990/1991 | F147: 9500 | G147: Catamarca | H147: 2019/2020 | I147: 2200 | K147: Catamarca | L147: 2019/2020 | M147: 2090
A148: Salta | B148: {=_xlfn.TAKE(_xlfn._xlws.SORT(_xlfn.HSTACK(_xlfn.UNIQUE(Produccion_mani[campania]), SUMIFS(Produccion_mani[[superficie_sembrada_ha]:[superficie_sembrada_ha]], Produccion_mani[[provincia_nombre]:[provincia_nombre]], A148, Produccion_mani[[campania]:[campania]], _xlfn.UNIQUE(Produccion_mani[campania]))), 2, -1), 1)} -> 1990/1991 | C148: 9500 | D148: San Juan | E148: {=_xlfn.TAKE(_xlfn._xlws.SORT(_xlfn.HSTACK(_xlfn.UNIQUE(Produccion_mani[campania]), SUMIFS(Produccion_mani[[superficie_cosechada_ha]:[superficie_cosechada_ha]], Produccion_mani[[provincia_nombre]:[provincia_nombre]], A149, Produccion_mani[[campania]:[campania]], _xlfn.UNIQUE(Produccion_mani[campania]))), 2, -1), 1)} -> 1933/1934 | F148: 10 | G148: Formosa | H148: 2006/2007 | I148: 1901 | K148: Formosa | L148: 2006/2007 | M148: 1901
A149: San Juan | B149: {=_xlfn.TAKE(_xlfn._xlws.SORT(_xlfn.HSTACK(_xlfn.UNIQUE(Produccion_mani[campania]), SUMIFS(Produccion_mani[[superficie_sembrada_ha]:[superficie_sembrada_ha]], Produccion_mani[[provincia_nombre]:[provincia_nombre]], A149, Produccion_mani[[campania]:[campania]], _xlfn.UNIQUE(Produccion_mani[campania]))), 2, -1), 1)} -> 1934/1935 | C149: 15 | D149: San Luis | E149: {=_xlfn.TAKE(_xlfn._xlws.SORT(_xlfn.HSTACK(_xlfn.UNIQUE(Produccion_mani[campania]), SUMIFS(Produccion_mani[[superficie_cosechada_ha]:[superficie_cosechada_ha]], Produccion_mani[[provincia_nombre]:[provincia_nombre]], A150, Produccion_mani[[campania]:[campania]], _xlfn.UNIQUE(Produccion_mani[campania]))), 2, -1), 1)} -> 2017/2018 | F149: 28250 | G149: Misiones | H149: 1942/1943 | I149: 1605 | K149: Misiones | L149: 1942/1943 | M149: 1567
... A153: La Pampa | B153: {=_xlfn.TAKE(_xlfn._xlws.SORT(_xlfn.HSTACK(_xlfn.UNIQUE(Produccion_mani[campania]), SUMIFS(Produccion_mani[[superficie_sembrada_ha]:[superficie_sembrada_ha]], Produccion_mani[[provincia_nombre]:[provincia_nombre]], A153, Produccion_mani[[campania]:[campania]], _xlfn.UNIQUE(Produccion_mani[campania]))), 2, -1), 1)} -> 2010/2011 | C153: 44400 | D153: La Rioja | E153: {=_xlfn.TAKE(_xlfn._xlws.SORT(_xlfn.HSTACK(_xlfn.UNIQUE(Produccion_mani[campania]), SUMIFS(Produccion_mani[[superficie_cosechada_ha]:[superficie_cosechada_ha]], Produccion_mani[[provincia_nombre]:[provincia_nombre]], A154, Produccion_mani[[campania]:[campania]], _xlfn.UNIQUE(Produccion_mani[campania]))), 2, -1), 1)} -> 1927/1928 | F153: 0 | G153: La Rioja | H153: 1980/1981 | I153: 270 | K153: San Juan | L153: 1933/1934 | M153: 10
A154: La Rioja | B154: {=_xlfn.TAKE(_xlfn._xlws.SORT(_xlfn.HSTACK(_xlfn.UNIQUE(Produccion_mani[campania]), SUMIFS(Produccion_mani[[superficie_sembrada_ha]:[superficie_sembrada_ha]], Produccion_mani[[provincia_nombre]:[provincia_nombre]], A154, Produccion_mani[[campania]:[campania]], _xlfn.UNIQUE(Produccion_mani[campania]))), 2, -1), 1)} -> 1980/1981 | C154: 270 | G154: San Juan | H154: 1934/1935 | I154: 15 | K154: La Rioja | L154: 1927/1928 | M154: 0
A156: Cantidad de Deptos trabajados historicamente de la prvincia elegida en la hoja de Historical
A157: deptos | B157: veces trbajadas | C157: CAMAPAÑAS | D157: cant | E157: mas trabajado | F157: veces
A158: {=IFERROR(_xlfn.UNIQUE(_xlfn._xlws.FILTER(Produccion_mani[departamento_nombre], Produccion_mani[provincia_nombre]=prov_hist)), 0)} -> San Pedro | B158: {=COUNTIFS(Produccion_mani[departamento_nombre],_xlfn.ANCHORARRAY( A158),Produccion_mani[provincia_nombre],prov_hist)} -> 1 | C158: {=COUNTA(_xlfn.UNIQUE(_xlfn._xlws.FILTER(Produccion_mani[campania],Produccion_mani[provincia_nombre]=prov_hist)))} -> 16 | D158: =COUNTA(_xlfn.ANCHORARRAY(A158)) -> 29 | E158: {=_xlfn.TAKE(_xlfn._xlws.FILTER(_xlfn.ANCHORARRAY(A158),_xlfn.ANCHORARRAY(B158)=F158),1)} -> General Villegas | F158: =MAX(_xlfn.ANCHORARRAY(B158)) -> 14
A159: Bartolome Mitre | B159: 1 | E159: total toneladas | F159: pct que representa
A160: General Pinto | B160: 9 | E160: {=SUM(IF((Produccion_mani[departamento_nombre]=E158)*(Produccion_mani[provincia_nombre]=prov_hist),Produccion_mani[produccion_tm],0))} -> 285169 | F160: {=E160/SUM(IF(Produccion_mani[provincia_nombre]=prov_hist,Produccion_mani[produccion_tm]))} -> 0.26653376
A161: Rivadavia | B161: 10
A162: Bragado | B162: 3
A163: Chivilcoy | B163: 1
A164: Lincoln | B164: 5
A165: Pehuajó | B165: 7
A166: San Andrés de Giles | B166: 1
A167: Trenque Lauquen | B167: 8
A168: Villarino | B168: 1
A169: General Villegas | B169: 14
A170: Adolfo Alsina | B170: 6
A171: Pellegrini | B171: 8
A172: Carlos Tejedor | B172: 7
... A186: Carlos Casares | B186: 1

Sheet Historical
A1: ANÁLISIS HISTÓRICO
A4: PRODUCCIÓN HISTÓRICA POR PROVINCIA | G4: PROMEDIOS DE PRODUCCIÓN HISTÓRICOS POR PROVINCIA
A5: Provincia | B5: Toneladas | C5: Hectáreas sembradas | D5: Hectáreas cosechadas | E5: Rendimiento Kg x Ha | G5: Provincia | H5: Toneladas | I5: Hectáreas sembradas | J5: Hectáreas cosechadas | K5: Rendimiento Kg x Ha
A6: {=_xlfn._xlws.SORT(Validation_Functions!G4:K21,2,-1)} -> Córdoba | B6: 34220930 | C6: 20942037 | D6: 20156675 | E6: 1787341 | G6: {=_xlfn._xlws.SORT(Validation_Functions!M4:Q21,2,-1)} -> Córdoba | H6: 28976.232 | I6: 17732.461 | J6: 17067.464 | K6: 1513.4132
A7: Buenos Aires | B7: 1069917 | C7: 317539 | D7: 317134 | E7: 410784 | G7: La Pampa | H7: 8992.7288 | I7: 3184.9237 | J7: 3082.9576 | K7: 2855.8136
A8: La Pampa | B8: 1061142 | C8: 375821 | D8: 363789 | E8: 336986 | G8: Buenos Aires | H8: 7809.6131 | I8: 2317.8029 | J8: 2314.8467 | K8: 2998.4234
A9: San Luis | B9: 717565 | C9: 254411 | D9: 243919 | E9: 294312 | G9: San Luis | H9: 4752.0861 | I9: 1684.8411 | J9: 1615.3576 | K9: 1949.0861
A10: Santa Fe | B10: 528321 | C10: 367795 | D10: 323838 | E10: 319249 | G10: Santa Fe | H10: 2238.6483 | I10: 1558.4534 | J10: 1372.1949 | K10: 1352.75
A11: Salta | B11: 251121 | C11: 200589 | D11: 189877 | E11: 375429 | G11: Entre Ríos | H11: 921.66832 | I11: 1013.4901 | J11: 865.20792 | K11: 697.5495
A12: Entre Ríos | B12: 186177 | C12: 204725 | D12: 174772 | E12: 140905 | G12: Salta | H12: 831.52649 | I12: 664.20199 | J12: 628.73179 | K12: 1243.1424
A13: Corrientes | B13: 66651 | C13: 82657 | D13: 69955 | E13: 787396 | G13: Catamarca | H13: 501.6087 | I13: 352.91304 | J13: 333.78261 | K13: 960.04348
A14: Tucumán | B14: 56633 | C14: 58489 | D14: 49058 | E14: 305269 | G14: Jujuy | H14: 248.39286 | I14: 213.60714 | J14: 204.08929 | K14: 1126.25
A15: Chaco | B15: 24753 | C15: 29354 | D15: 26695 | E15: 227574 | G15: Tucumán | H15: 183.87338 | I15: 189.89935 | J15: 159.27922 | K15: 991.13312
A16: Formosa | B16: 21618 | C16: 18510 | D16: 17149 | E16: 274671 | G16: Formosa | H16: 71.582781 | I16: 61.291391 | J16: 56.784768 | K16: 909.50662
A17: Misiones | B17: 20260 | C17: 27464 | D17: 22667 | E17: 543358 | G17: Chaco | H17: 69.923729 | I17: 82.920904 | J17: 75.409605 | K17: 642.86441
A18: Jujuy | B18: 13910 | C18: 11962 | D18: 11429 | E18: 63070 | G18: Corrientes | H18: 66.651 | I18: 82.657 | J18: 69.955 | K18: 787.396
... A23: La Rioja | B23: 0 | C23: 270 | D23: 0 | E23: 0 | G23: La Rioja | H23: 0 | I23: 270 | J23: 0 | K23: 0
A26: OUTLIER | G26: RESUMEN DE DESEMPEÑO OPERATIVO
A27: Córdoba | G27: Buenos Aires
A28: Toneladas históricas | C28: Hectáreas sembradas | E28: Hectáreas cosechadas | G28: Campañas Trabajadas | H28: Departamentos Trabajados | I28: Departamento Más Trabajado | J28: Veces Trabajado | K28: % de Producción que Representa
A29: =Validation_Functions!H5 -> 34220930 | C29: =Validation_Functions!I5 -> 20942037 | E29: =Validation_Functions!J5 -> 20156675 | G29: =Validation_Functions!C158 -> 16 | H29: =Validation_Functions!D158 -> 29 | I29: =Validation_Functions!E158 -> General Villegas | J29: =Validation_Functions!F158 -> 14 | K29: =_xlfn.CONCAT("%",ROUND(Validation_Functions!F160*100,2), " - ", "Ton (",Validation_Functions!E160,")") -> %26,65 - Ton (285169)
A33: MEJOR CAMPAÑA DE CADA PROVINCIA (Ton) | E33: MEJOR CAMPAÑA DE CADA PROVINCIA (Ha Sem) | I33: MEJOR CAMPAÑA DE CADA PROVINCIA (Ha Cos)
A34: Provincias | B34: Tn Producidas | C34: Campaña | E34: Provincias | F34: Ha Sembradas | G34: Campaña | I34: Provincias | J34: Ha Cosechadas | K34: Campaña
A35: {=_xlfn._xlws.SORT(TRANSPOSE(Validation_Functions!A132:R134),2,-1,FALSE)} -> Córdoba | B35: 1268363 | C35: 2024/2025 | E35: {=Validation_Functions!G137:G154} -> Córdoba | F35: {=Validation_Functions!I137:I154} -> 449500 | G35: {=Validation_Functions!H137:H154} -> 1977/1978 | I35: {=Validation_Functions!K137:K154} -> Córdoba | J35: {=Validation_Functions!M137:M154} -> 425600 | K35: {=Validation_Functions!L137:L154} -> 1977/1978
A36: Buenos Aires | B36: 315761 | C36: 2024/2025 | E36: Buenos Aires | F36: 84979 | G36: 2024/2025 | I36: Buenos Aires | J36: 84799 | K36: 2024/2025
A37: La Pampa | B37: 127986 | C37: 2024/2025 | E37: La Pampa | F37: 44400 | G37: 2010/2011 | I37: La Pampa | J37: 44400 | K37: 2010/2011
A38: San Luis | B38: 72150 | C38: 2016/2017 | E38: San Luis | F38: 28250 | G38: 2017/2018 | I38: San Luis | J38: 28250 | K38: 2017/2018
A39: Santa Fe | B39: 51170 | C39: 2024/2025 | E39: Santa Fe | F39: 20620 | G39: 1932/1933 | I39: Santa Fe | J39: 18275 | K39: 2024/2025
A40: Salta | B40: 23400 | C40: 1990/1991 | E40: Entre Ríos | F40: 12000 | G40: 1937/1938 | I40: Entre Ríos | J40: 11020 | K40: 1928/1929
A41: Entre Ríos | B41: 14464 | C41: 1934/1935 | E41: Salta | F41: 9500 | G41: 1990/1991 | I41: Salta | J41: 9500 | K41: 1990/1991
A42: Tucumán | B42: 6900 | C42: 1970/1971 | E42: Tucumán | F42: 7300 | G42: 1970/1971 | I42: Tucumán | J42: 6900 | K42: 1970/1971
A43: Corrientes | B43: 5475 | C43: 1946/1947 | E43: Chaco | F43: 5034 | G43: 1927/1928 | I43: Chaco | J43: 5034 | K43: 1927/1928
A44: Chaco | B44: 3775 | C44: 1927/1928 | E44: Corrientes | F44: 4500 | G44: 1942/1943 | I44: Corrientes | J44: 4135 | K44: 1931/1932
A45: Formosa | B45: 3295 | C45: 2006/2007 | E45: Catamarca | F45: 2200 | G45: 2019/2020 | I45: Catamarca | J45: 2090 | K45: 2019/2020
A46: Catamarca | B46: 2530 | C46: 2021/2022 | E46: Formosa | F46: 1901 | G46: 2006/2007 | I46: Formosa | J46: 1901 | K46: 2006/2007
A47: Jujuy | B47: 1600 | C47: 2004/2005 | E47: Misiones | F47: 1605 | G47: 1942/1943 | I47: Misiones | J47: 1567 | K47: 1942/1943
... A52: La Rioja | B52: 0 | C52: 1927/1928 | E52: San Juan | F52: 15 | G52: 1934/1935 | I52: La Rioja | J52: 0 | K52: 1927/1928

Sheet Graphs
C1: Top 5 Departamentos Según Campaña y Provincia
D3: Campaña | M3: Provincia
D6: 2019/2020 | M6: Córdoba

Sheet Data_Validation
A1: Provincias | B1: Departamentos | C1: Campañas | F1: =_xlfn.CONCAT("Cantidad sembrada en cada departamento de la provincia ", provincia, " | Campaña ", campania) -> Cantidad sembrada en cada departamento de la provincia Córdoba | Campaña 2019/2020 | P1: =_xlfn.CONCAT("Cantidad sembrada en cada departamento de la provincia ", provincia, " | Campaña ", campania) -> Cantidad sembrada en cada departamento de la provincia Córdoba | Campaña 2019/2020
A2: {=_xlfn.UNIQUE(Produccion_mani[provincia_nombre])} -> Chaco | B2: {=_xlfn.UNIQUE(Produccion_mani[departamento_nombre])} -> Campo del Cielo | C2: {=_xlfn.UNIQUE(Produccion_mani[campania])} -> 1927/1928 | F2: Departamento | G2: Hectareas sembradas | H2: Hectareas Cosechadas | I2: Toneladas producidas | J2: Rendimiento KG x HA | P2: Departamento | Q2: Hectareas sembradas | R2: Hectareas Cosechadas | S2: Toneladas producidas | T2: Rendimiento KG x HA
A3: Córdoba | B3: Napalpí | C3: 1928/1929 | F3: {=_xlfn.UNIQUE(_xlfn._xlws.FILTER(Produccion_mani[departamento_nombre], (Produccion_mani[provincia_nombre]=provincia)*(Produccion_mani[campania]=campania)))} -> Calamuchita | G3: {=_xlfn._xlws.FILTER(Produccion_mani[superficie_sembrada_ha], (Produccion_mani[provincia_nombre]=provincia)*(Produccion_mani[campania]=campania))} -> 3300 | H3: {=_xlfn._xlws.FILTER(Produccion_mani[superficie_cosechada_ha], (Produccion_mani[provincia_nombre]=provincia)*(Produccion_mani[campania]=campania))} -> 3300 | I3: {=_xlfn._xlws.FILTER(Produccion_mani[produccion_tm], (Produccion_mani[provincia_nombre]=provincia)*(Produccion_mani[campania]=campania))} -> 10890 | J3: {=_xlfn._xlws.FILTER(Produccion_mani[rendimiento_kgxha], (Produccion_mani[provincia_nombre]=provincia)*(Produccion_mani[campania]=campania))} -> 3300 | K3: {=_xlfn.UNIQUE(_xlfn._xlws.FILTER(Produccion_mani[departamento_nombre], (Produccion_mani[provincia_nombre]=provincia)*(Produccion_mani[campania]=campania)))} -> Calamuchita | L3: {=_xlfn._xlws.FILTER(Produccion_mani[superficie_sembrada_ha], (Produccion_mani[provincia_nombre]=provincia)*(Produccion_mani[campania]=campania))} -> 3300 | M3: {=_xlfn._xlws.FILTER(Produccion_mani[superficie_cosechada_ha], (Produccion_mani[provincia_nombre]=provincia)*(Produccion_mani[campania]=campania))} -> 3300 | N3: {=_xlfn._xlws.FILTER(Produccion_mani[produccion_tm], (Produccion_mani[provincia_nombre]=provincia)*(Produccion_mani[campania]=campania))} -> 10890 | O3: {=_xlfn._xlws.FILTER(Produccion_mani[rendimiento_kgxha], (Produccion_mani[provincia_nombre]=provincia)*(Produccion_mani[campania]=campania))} -> 3300 | P3: {=_xlfn._xlws.SORT(_xlfn._xlws.FILTER(_xlfn.CHOOSECOLS(Produccion_mani[], 7, 9, 10,11,12), (Produccion_mani[provincia_nombre]=provincia)*(Produccion_mani[campania]=campania)), 2, -1)} -> General Roca | Q3: 90060 | R3: 89878 | S3: 314573 | T3: 3500
A4: Corrientes | B4: Resistencia | C4: 1929/1930 | F4: General Roca | G4: 90060 | H4: 89878 | I4: 314573 | J4: 3500 | K4: General Roca | L4: 90060 | M4: 89878 | N4: 314573 | O4: 3500 | P4: Río Cuarto | Q4: 89000 | R4: 89000 | S4: 319510 | T4: 3590
A5: Entre Ríos | B5: Coronel Martínez de Hoz | C5: 1930/1931 | F5: General San Martín | G5: 8000 | H5: 8000 | I5: 30400 | J5: 3800 | K5: General San Martín | L5: 8000 | M5: 8000 | N5: 30400 | O5: 3800 | P5: Juárez Celman | Q5: 32500 | R5: 32500 | S5: 116675 | T5: 3590
A6: Formosa | B6: Bermejo | C6: 1931/1932 | F6: Juárez Celman | G6: 32500 | H6: 32500 | I6: 116675 | J6: 3590 | K6: Juárez Celman | L6: 32500 | M6: 32500 | N6: 116675 | O6: 3590 | P6: Presidente Roque Sáenz Peña | Q6: 23940 | R6: 23666 | S6: 82831 | T6: 3500
A7: Jujuy | B7: Tobas | C7: 1932/1933 | F7: Marcos Juárez | G7: 8908 | H7: 8808 | I7: 37874 | J7: 4300 | K7: Marcos Juárez | L7: 8908 | M7: 8808 | N7: 37874 | O7: 4300 | P7: Tercero Arriba | Q7: 18000 | R7: 18000 | S7: 63000 | T7: 3500
A8: Misiones | B8: Tapenagá | C8: 1933/1934 | F8: Presidente Roque Sáenz Peña | G8: 23940 | H8: 23666 | I8: 82831 | J8: 3500 | K8: Presidente Roque Sáenz Peña | L8: 23940 | M8: 23666 | N8: 82831 | O8: 3500 | P8: Unión | Q8: 9674 | R8: 9474 | S8: 42065 | T8: 4440
A9: Santa Fe | B9: Santa María | C9: 1934/1935 | F9: Río Cuarto | G9: 89000 | H9: 89000 | I9: 319510 | J9: 3590 | K9: Río Cuarto | L9: 89000 | M9: 89000 | N9: 319510 | O9: 3590 | P9: Río Segundo | Q9: 9300 | R9: 9300 | S9: 34410 | T9: 3700
A10: Santiago del Estero | B10: Río Segundo | C10: 1935/1936 | F10: Río Primero | G10: 4882 | H10: 4882 | I10: 14646 | J10: 3000 | K10: Río Primero | L10: 4882 | M10: 4882 | N10: 14646 | O10: 3000 | P10: Marcos Juárez | Q10: 8908 | R10: 8808 | S10: 37874 | T10: 4300
A11: Tucumán | B11: Río Primero | C11: 1936/1937 | F11: Río Segundo | G11: 9300 | H11: 9300 | I11: 34410 | J11: 3700 | K11: Río Segundo | L11: 9300 | M11: 9300 | N11: 34410 | O11: 3700 | P11: General San Martín | Q11: 8000 | R11: 8000 | S11: 30400 | T11: 3800
A12: Catamarca | B12: Tercero Arriba | C12: 1937/1938 | F12: San Javier | G12: 3500 | H12: 3500 | I12: 11865 | J12: 3390 | K12: San Javier | L12: 3500 | M12: 3500 | N12: 11865 | O12: 3390 | P12: Río Primero | Q12: 4882 | R12: 4882 | S12: 14646 | T12: 3000
A13: Salta | B13: Colón | C13: 1938/1939 | F13: San Justo | G13: 1364 | H13: 1364 | I13: 4228 | J13: 3100 | K13: San Justo | L13: 1364 | M13: 1364 | N13: 4228 | O13: 3100 | P13: Santa María | Q13: 4100 | R13: 4100 | S13: 13940 | T13: 3400
A14: San Juan | B14: Capital | C14: 1939/1940 | F14: Santa María | G14: 4100 | H14: 4100 | I14: 13940 | J14: 3400 | K14: Santa María | L14: 4100 | M14: 4100 | N14: 13940 | O14: 3400 | P14: San Javier | Q14: 3500 | R14: 3500 | S14: 11865 | T14: 3390
A15: San Luis | B15: Río Cuarto | C15: 1940/1941 | F15: Tercero Arriba | G15: 18000 | H15: 18000 | I15: 63000 | J15: 3500 | K15: Tercero Arriba | L15: 18000 | M15: 18000 | N15: 63000 | O15: 3500 | P15: Calamuchita | Q15: 3300 | R15: 3300 | S15: 10890 | T15: 3300
A16: Mendoza | B16: otros departamentos | C16: 1941/1942 | F16: Unión | G16: 9674 | H16: 9474 | I16: 42065 | J16: 4440 | K16: Unión | L16: 9674 | M16: 9474 | N16: 42065 | O16: 4440 | P16: San Justo | Q16: 1364 | R16: 1364 | S16: 4228 | T16: 3100
A17: Buenos Aires | B17: Monte Caseros | C17: 1942/1943
A18: La Pampa | B18: Lavalle | C18: 1943/1944
A19: La Rioja | B19: Empedrado | C19: 1944/1945
B20: Esquina | C20: 1945/1946
B21: San Cosme | C21: 1946/1947
B22: San Martín | C22: 1947/1948
B23: Bella Vista | C23: 1948/1949
B24: Ituzaingó | C24: 1949/1950
B25: Saladas | C25: 1950/1951
B26: San Luis del Palmar | C26: 1951/1952
B27: Curuzu Cuatia | C27: 1952/1953
B28: Goya | C28: 1953/1954
B29: Santo Tomé | C29: 1954/1955
B30: Federación | C30: 1955/1956
B31: Concordia | C31: 1956/1957
... B63: Sauce | C63: 1988/1989
C64: 1989/1990
B65: Famaillá | C65: 1990/1991
B66: Trancas | C66: 1991/1992
B67: Cruz Alta | C67: 1992/1993
B68: Leales | C68: 1993/1994
B69: Monteros | C69: 1994/1995
B70: Tafí Viejo | C70: 1995/1996
B71: Graneros | C71: 1996/1997
B72: Calamuchita | C72: 1997/1998
B73: Mburucuyá | C73: 1998/1999
B74: General Paz | C74: 1999/2000
B75: Itatí | C75: 2000/2001
B76: San Roque | C76: 2001/2002
... B99: Rosario de Lerma | C99: 2024/2025
B100: Campo santo
B101: La Candelaria
B102: Vera
B103: Las Colonias
B104: Pellegrini
B105: Jiménez
B106: San Rafael
B107: General Alvear
B108: Metán
B109: Juárez Celman
B110: Nogoyá
B111: Victoria
... B227: Simoca
